ProvinceKey,ProvinceName,ProvinceNameEng,RegionKey,Region,Year,DetachedHouse,RowHouse,TownHouseOrTwinHouse,ApartmentOfFlat,Rooms,ImprovisedQuarters,Others,Source
11,สมุทรปราการ         ,Samut Prakarn       ,3,ภาคกลาง,2553,36.8,28.1,22.1,12.7,0.4,0,0,การสำรวจภาวะเศรษฐกิจและสังคมของครัวเรือนจังหวัดสมุทรปราการ พ.ศ. 2553 - 2557  สำนักงานสถิติแห่งชาติ
11,สมุทรปราการ         ,Samut Prakarn       ,3,ภาคกลาง,2554,36.8,28.1,22.1,12.7,0.4,0,0,การสำรวจภาวะเศรษฐกิจและสังคมของครัวเรือนจังหวัดสมุทรปราการ พ.ศ. 2553 - 2557  สำนักงานสถิติแห่งชาติ
11,สมุทรปราการ         ,Samut Prakarn       ,3,ภาคกลาง,2555,35.5,20.7,18.3,24.8,0.6,0.1,0,การสำรวจภาวะเศรษฐกิจและสังคมของครัวเรือนจังหวัดสมุทรปราการ พ.ศ. 2553 - 2557  สำนักงานสถิติแห่งชาติ
11,สมุทรปราการ         ,Samut Prakarn       ,3,ภาคกลาง,2556,32,25.5,17.2,24.8,0.4,0,0,การสำรวจภาวะเศรษฐกิจและสังคมของครัวเรือนจังหวัดสมุทรปราการ พ.ศ. 2553 - 2557  สำนักงานสถิติแห่งชาติ
11,สมุทรปราการ         ,Samut Prakarn       ,3,ภาคกลาง,2557,33.6,32.8,13.6,18.9,1,0,0,การสำรวจภาวะเศรษฐกิจและสังคมของครัวเรือนจังหวัดสมุทรปราการ พ.ศ. 2553 - 2557  สำนักงานสถิติแห่งชาติ
11,สมุทรปราการ         ,Samut Prakarn       ,3,ภาคกลาง,2558,30.4,38.6,13.6,17.2,0.2,0,0,การสำรวจภาวะเศรษฐกิจและสังคมของครัวเรือนจังหวัดสมุทรปราการ พ.ศ. 2554 -  2558  สำนักงานสถิติแห่งชาติ
11,สมุทรปราการ         ,Samut Prakarn       ,3,ภาคกลาง,2559,24.8,30.6,18.9,24.5,0.5,0.6,0.2,การสำรวจภาวะเศรษฐกิจและสังคมของครัวเรือนจังหวัดสมุทรปราการ พ.ศ. 2556 -  2560  สำนักงานสถิติแห่งชาติ
11,สมุทรปราการ         ,Samut Prakarn       ,3,ภาคกลาง,2560,27.2,29.2,19.8,22.5,0.7,0.6,0,การสำรวจภาวะเศรษฐกิจและสังคมของครัวเรือนจังหวัดสมุทรปราการ พ.ศ. 2556 -  2560  สำนักงานสถิติแห่งชาติ
12,นนทบุรี             ,Nonthaburi          ,3,ภาคกลาง,2554,43.1,14.6,28.7,10.7,2.2,0.7,0,รายงานผลการสำรวจภาวะเศรษฐกิจและสังคมของครัวเรือน พ.ศ. 2554 - 2557 และจังหวัดนนทบุรี  สำนักงานสถิติแห่งชาติ
12,นนทบุรี             ,Nonthaburi          ,3,ภาคกลาง,2555,34.3,15,28.1,19.6,2.8,0.2,0,รายงานผลการสำรวจภาวะเศรษฐกิจและสังคมของครัวเรือน พ.ศ. 2554 - 2557 และจังหวัดนนทบุรี  สำนักงานสถิติแห่งชาติ
12,นนทบุรี             ,Nonthaburi          ,3,ภาคกลาง,2556,31.2,13.7,28.9,22.9,3.3,0,0,รายงานผลการสำรวจภาวะเศรษฐกิจและสังคมของครัวเรือน พ.ศ. 2554 - 2557 และจังหวัดนนทบุรี  สำนักงานสถิติแห่งชาติ
12,นนทบุรี             ,Nonthaburi          ,3,ภาคกลาง,2557,34.8,13.7,31,17.8,2.3,0.4,0,รายงานผลการสำรวจภาวะเศรษฐกิจและสังคมของครัวเรือน พ.ศ. 2554 - 2557 และจังหวัดนนทบุรี  สำนักงานสถิติแห่งชาติ
12,นนทบุรี             ,Nonthaburi          ,3,ภาคกลาง,2558,39.5,16.9,29.8,11.2,2.6,0,0,การสำรวจภาวะเศรษฐกิจและสังคมของครัวเรือนจังหวัดนนทบุรี พ.ศ. 2554 -  2558  สำนักงานสถิติแห่งชาติ
12,นนทบุรี             ,Nonthaburi          ,3,ภาคกลาง,2559,37.8,22,25.9,12.2,1.8,0.3,0,การสำรวจภาวะเศรษฐกิจและสังคมของครัวเรือนจังหวัดนนทบุรี พ.ศ. 2555 -  2559  สำนักงานสถิติแห่งชาติ
13,ปทุมธานี            ,Pathum Thani        ,3,ภาคกลาง,2554,55.1,11.5,9.2,23.8,0.3,0.1,0,รายงานผลการสำรวจภาวะเศรษฐกิจและสังคมของครัวเรือน พ.ศ. 2554 - 2557 จังหวัดปทุมธานี  สำนักงานสถิติแห่งชาติ
13,ปทุมธานี            ,Pathum Thani        ,3,ภาคกลาง,2555,38.9,5.7,27.2,28,0.1,0,0,รายงานผลการสำรวจภาวะเศรษฐกิจและสังคมของครัวเรือน พ.ศ. 2554 - 2557 จังหวัดปทุมธานี  สำนักงานสถิติแห่งชาติ
13,ปทุมธานี            ,Pathum Thani        ,3,ภาคกลาง,2556,43.1,7.2,25.3,23.6,0.8,0,0,รายงานผลการสำรวจภาวะเศรษฐกิจและสังคมของครัวเรือน พ.ศ. 2554 - 2557 จังหวัดปทุมธานี  สำนักงานสถิติแห่งชาติ
13,ปทุมธานี            ,Pathum Thani        ,3,ภาคกลาง,2557,44.5,17.5,29.7,8.2,0,0,0,รายงานผลการสำรวจภาวะเศรษฐกิจและสังคมของครัวเรือน พ.ศ. 2554 - 2557 จังหวัดปทุมธานี  สำนักงานสถิติแห่งชาติ
13,ปทุมธานี            ,Pathum Thani        ,3,ภาคกลาง,2558,47.9,14,29.4,8.6,0.1,0,0,การสำรวจภาวะเศรษฐกิจและสังคมของครัวเรือนจังหวัดปทุมธานี พ.ศ. 2554 -  2558  สำนักงานสถิติแห่งชาติ
13,ปทุมธานี            ,Pathum Thani        ,3,ภาคกลาง,2559,41.1,17.8,25.2,15.5,0.3,0.1,0,การสำรวจภาวะเศรษฐกิจและสังคมของครัวเรือนจังหวัดปทุมธานี พ.ศ. 2555 -  2559  สำนักงานสถิติแห่งชาติ
14,พระนครศรีอยุธยา     ,Phra Nakhon Si Ayut ,3,ภาคกลาง,2553,80.7,11.3,3.7,3.9,0.4,0,0,การสำรวจภาวะเศรษฐกิจและสังคมของครัวเรือนจังหวัดพระนครศรีอยุธยา พ.ศ. 2553 -  2557  สำนักงานสถิติแห่งชาติ
14,พระนครศรีอยุธยา     ,Phra Nakhon Si Ayut ,3,ภาคกลาง,2554,83.4,8.1,3.6,4.6,0.2,0,0.1,การสำรวจภาวะเศรษฐกิจและสังคมของครัวเรือนจังหวัดพระนครศรีอยุธยา พ.ศ. 2553 -  2557  สำนักงานสถิติแห่งชาติ
14,พระนครศรีอยุธยา     ,Phra Nakhon Si Ayut ,3,ภาคกลาง,2555,71.2,5.8,10.2,12.2,0.4,0.2,0,การสำรวจภาวะเศรษฐกิจและสังคมของครัวเรือนจังหวัดพระนครศรีอยุธยา พ.ศ. 2553 -  2557  สำนักงานสถิติแห่งชาติ
14,พระนครศรีอยุธยา     ,Phra Nakhon Si Ayut ,3,ภาคกลาง,2556,73.3,7.6,7.8,11.3,0,0,0,การสำรวจภาวะเศรษฐกิจและสังคมของครัวเรือนจังหวัดพระนครศรีอยุธยา พ.ศ. 2553 -  2557  สำนักงานสถิติแห่งชาติ
14,พระนครศรีอยุธยา     ,Phra Nakhon Si Ayut ,3,ภาคกลาง,2557,78.7,5.7,7.5,7.9,0.2,0.1,0,การสำรวจภาวะเศรษฐกิจและสังคมของครัวเรือนจังหวัดพระนครศรีอยุธยา พ.ศ. 2553 -  2557  สำนักงานสถิติแห่งชาติ
14,พระนครศรีอยุธยา     ,Phra Nakhon Si Ayut ,3,ภาคกลาง,2558,70.9,6.1,7.4,15.1,0,0.5,0,การสำรวจภาวะเศรษฐกิจและสังคมของครัวเรือนจังหวัดพระนครศรีอยุธยา พ.ศ. 2554 -  2558  สำนักงานสถิติแห่งชาติ
14,พระนครศรีอยุธยา     ,Phra Nakhon Si Ayut ,3,ภาคกลาง,2559,68.4,8.2,6.9,16,0,0.5,0,การสำรวจภาวะเศรษฐกิจและสังคมของครัวเรือนจังหวัดพระนครศรีอยุธยา พ.ศ. 2555 -  2559  สำนักงานสถิติแห่งชาติ
15,อ่างทอง             ,Ang Thong           ,3,ภาคกลาง,2552,93.1,5.1,0.9,0.5,0,0,0.3,รายงานผลการสำรวจภาวะเศรษฐกิจและสังคมของครัวเรือน พ.ศ. 2552 - 2554 และ 2556  และจังหวัดอ่างทอง  สำนักงานสถิติแห่งชาติ
15,อ่างทอง             ,Ang Thong           ,3,ภาคกลาง,2553,90.4,7,2.1,0,0.1,0.4,0,รายงานผลการสำรวจภาวะเศรษฐกิจและสังคมของครัวเรือน พ.ศ. 2552 - 2554 และ 2556  และจังหวัดอ่างทอง  สำนักงานสถิติแห่งชาติ
15,อ่างทอง             ,Ang Thong           ,3,ภาคกลาง,2554,94.4,3.6,0.8,0.1,0.6,0.1,0.4,รายงานผลการสำรวจภาวะเศรษฐกิจและสังคมของครัวเรือน พ.ศ. 2552 - 2554 และ 2556  และจังหวัดอ่างทอง  สำนักงานสถิติแห่งชาติ
15,อ่างทอง             ,Ang Thong           ,3,ภาคกลาง,2556,94.5,4.2,0.6,0.4,0.3,0.1,0,รายงานผลการสำรวจภาวะเศรษฐกิจและสังคมของครัวเรือน พ.ศ. 2552 - 2554 และ 2556  และจังหวัดอ่างทอง  สำนักงานสถิติแห่งชาติ
15,อ่างทอง             ,Ang Thong           ,3,ภาคกลาง,2558,94.3,4.8,0.5,0,0,0.3,0.1,การสำรวจภาวะเศรษฐกิจและสังคมของครัวเรือนจังหวัดอ่างทอง พ.ศ.2554 - 2558  สำนักงานสถิติแห่งชาติ
15,อ่างทอง             ,Ang Thong           ,3,ภาคกลาง,2559,90.3,8.2,0.3,1,0,0,0.1,การสำรวจภาวะเศรษฐกิจและสังคมของครัวเรือนจังหวัดอ่างทอง พ.ศ.2555 - 2559  สำนักงานสถิติแห่งชาติ
16,ลพบุรี              ,Lop Buri            ,3,ภาคกลาง,2554,89.5,9.3,1,0.2,0,0,0,การสำรวจภาวะเศรษฐกิจและสังคมของครัวเรือน พ.ศ. 2554 - 2557  จังหวัดลพบุรี  สำนักงานสถิติแห่งชาติ
16,ลพบุรี              ,Lop Buri            ,3,ภาคกลาง,2555,71.1,5.9,10.2,12.2,0.4,0.2,0,การสำรวจภาวะเศรษฐกิจและสังคมของครัวเรือน พ.ศ. 2554 - 2557  จังหวัดลพบุรี  สำนักงานสถิติแห่งชาติ
16,ลพบุรี              ,Lop Buri            ,3,ภาคกลาง,2556,82.3,16.5,1.1,0.1,0,0,0,การสำรวจภาวะเศรษฐกิจและสังคมของครัวเรือน พ.ศ. 2554 - 2557  จังหวัดลพบุรี  สำนักงานสถิติแห่งชาติ
16,ลพบุรี              ,Lop Buri            ,3,ภาคกลาง,2557,85,11.5,2.8,0.7,0,0,0,การสำรวจภาวะเศรษฐกิจและสังคมของครัวเรือน พ.ศ. 2554 - 2557  จังหวัดลพบุรี  สำนักงานสถิติแห่งชาติ
16,ลพบุรี              ,Lop Buri            ,3,ภาคกลาง,2558,81.6,13.8,3.5,0.6,0.1,0.4,0,การสำรวจภาวะเศรษฐกิจและสังคมของครัวเรือนจังหวัดลพบุรี พ.ศ. 2554 - 2558  สำนักงานสถิติแห่งชาติ
16,ลพบุรี              ,Lop Buri            ,3,ภาคกลาง,2559,87.1,9.8,2.9,0.1,0,0,0.1,การสำรวจภาวะเศรษฐกิจและสังคมของครัวเรือนจังหวัดลพบุรี พ.ศ. 2556 - 2560  สำนักงานสถิติแห่งชาติ
16,ลพบุรี              ,Lop Buri            ,3,ภาคกลาง,2560,85.9,11.6,2.4,0.1,0,0,0,การสำรวจภาวะเศรษฐกิจและสังคมของครัวเรือนจังหวัดลพบุรี พ.ศ. 2556 - 2560  สำนักงานสถิติแห่งชาติ
17,สิงห์บุรี           ,Sing Buri           ,3,ภาคกลาง,2554,88.7,8.8,1.9,0.3,0.1,0.2,0,รายงานผลการสำรวจภาวะเศรษฐกิจและสังคมของครัวเรือน พ.ศ. 2554 - 2557 และจังหวัดสิงห์บุรี  สำนักงานสถิติแห่งชาติ
17,สิงห์บุรี           ,Sing Buri           ,3,ภาคกลาง,2555,89.7,8.9,0.5,0.6,0,0,0.2,รายงานผลการสำรวจภาวะเศรษฐกิจและสังคมของครัวเรือน พ.ศ. 2554 - 2557 และจังหวัดสิงห์บุรี  สำนักงานสถิติแห่งชาติ
17,สิงห์บุรี           ,Sing Buri           ,3,ภาคกลาง,2556,90.4,7.2,1.6,0.8,0,0,0.2,รายงานผลการสำรวจภาวะเศรษฐกิจและสังคมของครัวเรือน พ.ศ. 2554 - 2557 และจังหวัดสิงห์บุรี  สำนักงานสถิติแห่งชาติ
17,สิงห์บุรี           ,Sing Buri           ,3,ภาคกลาง,2557,91.1,6.3,1.2,0,0,1.4,0,รายงานผลการสำรวจภาวะเศรษฐกิจและสังคมของครัวเรือน พ.ศ. 2554 - 2557 และจังหวัดสิงห์บุรี  สำนักงานสถิติแห่งชาติ
17,สิงห์บุรี           ,Sing Buri           ,3,ภาคกลาง,2558,91.2,6,0.9,0.1,0,1.8,0,การสำรวจภาวะเศรษฐกิจและสังคมของครัวเรือนจังหวัดสิงห์บุรี พ.ศ. 2554 -2558  สำนักงานสถิติแห่งชาติ
18,ชัยนาท              ,Chai Nat            ,3,ภาคกลาง,2554,85.1,10.8,3.3,0.9,0,0,0,การสำรวจภาวะเศรษฐกิจและสังคมของครัวเรือนจังหวัดชัยนาท พ.ศ. 2554 -  2557  สำนักงานสถิติแห่งชาติ
18,ชัยนาท              ,Chai Nat            ,3,ภาคกลาง,2555,93.3,5.1,1.1,0.5,0,0,0,การสำรวจภาวะเศรษฐกิจและสังคมของครัวเรือนจังหวัดชัยนาท พ.ศ. 2554 -  2557  สำนักงานสถิติแห่งชาติ
18,ชัยนาท              ,Chai Nat            ,3,ภาคกลาง,2556,91.7,6.6,1.3,0.3,0,0.1,0,การสำรวจภาวะเศรษฐกิจและสังคมของครัวเรือนจังหวัดชัยนาท พ.ศ. 2554 -  2557  สำนักงานสถิติแห่งชาติ
18,ชัยนาท              ,Chai Nat            ,3,ภาคกลาง,2557,88.4,9,2.1,0.5,0,0,0.2,การสำรวจภาวะเศรษฐกิจและสังคมของครัวเรือนจังหวัดชัยนาท พ.ศ. 2554 -  2557  สำนักงานสถิติแห่งชาติ
18,ชัยนาท              ,Chai Nat            ,3,ภาคกลาง,2558,91.1,5.8,2.2,0.7,0,0,0.2,การสำรวจภาวะเศรษฐกิจและสังคมของครัวเรือนจังหวัดชัยนาท พ.ศ. 2554 - 2558  สำนักงานสถิติแห่งชาติ
18,ชัยนาท              ,Chai Nat            ,3,ภาคกลาง,2559,96,2.7,0.8,0.5,0,0,0,การสำรวจภาวะเศรษฐกิจและสังคมของครัวเรือนจังหวัดชัยนาท พ.ศ. 2555 - 2559  สำนักงานสถิติแห่งชาติ
20,ชลบุรี              ,Chon Buri           ,5,ภาคตะวันออก,2553,46.5,33.7,17.4,2.4,0,0,0,รายงานผลการสำรวจภาวะเศรษฐกิจและสังคมของครัวเรือน พ.ศ. 2553 - 2557 จังหวัดชลบุรี สำนักงานสถิติแห่งชาติ
20,ชลบุรี              ,Chon Buri           ,5,ภาคตะวันออก,2554,41.9,35.4,18.8,3.8,0,0,0,รายงานผลการสำรวจภาวะเศรษฐกิจและสังคมของครัวเรือน พ.ศ. 2553 - 2557 จังหวัดชลบุรี สำนักงานสถิติแห่งชาติ
20,ชลบุรี              ,Chon Buri           ,5,ภาคตะวันออก,2555,34.5,42.8,10.5,12.1,0.1,0,0,รายงานผลการสำรวจภาวะเศรษฐกิจและสังคมของครัวเรือน พ.ศ. 2553 - 2557 จังหวัดชลบุรี สำนักงานสถิติแห่งชาติ
20,ชลบุรี              ,Chon Buri           ,5,ภาคตะวันออก,2556,32.8,42.2,14,11,0,0,0,รายงานผลการสำรวจภาวะเศรษฐกิจและสังคมของครัวเรือน พ.ศ. 2553 - 2557 จังหวัดชลบุรี สำนักงานสถิติแห่งชาติ
20,ชลบุรี              ,Chon Buri           ,5,ภาคตะวันออก,2557,38.8,40.2,14.3,6.4,0.2,0.1,0,รายงานผลการสำรวจภาวะเศรษฐกิจและสังคมของครัวเรือน พ.ศ. 2553 - 2557 จังหวัดชลบุรี สำนักงานสถิติแห่งชาติ
20,ชลบุรี              ,Chon Buri           ,5,ภาคตะวันออก,2558,39.3,41.3,13.7,5.4,0.2,0.2,0,รายงานผลการสำรวจภาวะเศรษฐกิจและสังคมของครัวเรือน พ.ศ. 2554 - 2558 จังหวัดชลบุรี สำนักงานสถิติแห่งชาติ
20,ชลบุรี              ,Chon Buri           ,5,ภาคตะวันออก,2559,37.8,40.4,15.8,5.5,0.4,0.1,0,รายงานผลการสำรวจภาวะเศรษฐกิจและสังคมของครัวเรือน พ.ศ. 2555 - 2559 จังหวัดชลบุรี สำนักงานสถิติแห่งชาติ
22,จันทบุรี            ,Chanthaburi         ,5,ภาคตะวันออก,2554,74.6,23.5,1.6,0.2,0,0,0,รายงานผลการสำรวจภาวะเศรษฐกิจและสังคมของครัวเรือน พ.ศ. 2554 - 2557 และจังหวัดจันทบุรี 
22,จันทบุรี            ,Chanthaburi         ,5,ภาคตะวันออก,2555,79.8,17,2.2,1,0,0,0,รายงานผลการสำรวจภาวะเศรษฐกิจและสังคมของครัวเรือน พ.ศ. 2554 - 2557 และจังหวัดจันทบุรี 
22,จันทบุรี            ,Chanthaburi         ,5,ภาคตะวันออก,2556,78.6,18,2.1,1.3,0,0,0,รายงานผลการสำรวจภาวะเศรษฐกิจและสังคมของครัวเรือน พ.ศ. 2554 - 2557 และจังหวัดจันทบุรี 
22,จันทบุรี            ,Chanthaburi         ,5,ภาคตะวันออก,2557,74.6,21.8,3.4,0,0.2,0,0,รายงานผลการสำรวจภาวะเศรษฐกิจและสังคมของครัวเรือน พ.ศ. 2554 - 2557 และจังหวัดจันทบุรี 
22,จันทบุรี            ,Chanthaburi         ,5,ภาคตะวันออก,2558,70.9,26.2,2.9,0,0,0,0,การสำรวจภาวะเศรษฐกิจและสังคมของครัวเรือนจังหวัดจันทบุรี พ.ศ. 2554 - 2558  สำนักงานสถิติแห่งชาติ
22,จันทบุรี            ,Chanthaburi         ,5,ภาคตะวันออก,2559,78,17.9,3.4,0.7,0,0,0,การสำรวจภาวะเศรษฐกิจและสังคมของครัวเรือนจังหวัดจันทบุรี พ.ศ. 2555 - 2559  สำนักงานสถิติแห่งชาติ
23,ตราด                ,Trat                ,5,ภาคตะวันออก,2555,82.5,15.7,1.2,0.5,0.4,0,0,"รายงานผลการสำรวจภาวะเศรษฐกิจและสังคมของครัวเรือน พ.ศ.2552 , 2555 และจังหวัดตราด  สำนักงานสถิติแห่งชาติ"
23,ตราด                ,Trat                ,5,ภาคตะวันออก,2556,80.1,15.6,3.7,0.3,0,0.2,0,"รายงานผลการสำรวจภาวะเศรษฐกิจและสังคมของครัวเรือน พ.ศ.2552 , 2555 และจังหวัดตราด  สำนักงานสถิติแห่งชาติ"
23,ตราด                ,Trat                ,5,ภาคตะวันออก,2557,86.1,11.5,1.8,0.7,0,0,0,"รายงานผลการสำรวจภาวะเศรษฐกิจและสังคมของครัวเรือน พ.ศ.2552 , 2555 และจังหวัดตราด  สำนักงานสถิติแห่งชาติ"
23,ตราด                ,Trat                ,5,ภาคตะวันออก,2558,82.7,15.2,1.7,0.2,0,0.1,0,การสำรวจภาวะเศรษฐกิจและสังคมของครัวเรือนจังหวัดตราด พ.ศ. 2554 - 2558 สำนักงานสถิติแห่งชาติ
23,ตราด                ,Trat                ,5,ภาคตะวันออก,2559,83.2,13.8,2.2,0.4,0.1,0.3,0,การสำรวจภาวะเศรษฐกิจและสังคมของครัวเรือนจังหวัดตราด พ.ศ. 2555 - 2559  สำนักงานสถิติแห่งชาติ
24,ฉะเชิงเทรา          ,Chachoengsao        ,5,ภาคตะวันออก,2554,77.4,13.2,9.2,0,0,0.2,0,รายงานผลการสำรวจภาวะเศรษฐกิจและสังคมของครัวเรือน พ.ศ. 2553- 2556 และจังหวัดฉะเชิงเทรา สำนักงานสถิติแห่งชาติ
24,ฉะเชิงเทรา          ,Chachoengsao        ,5,ภาคตะวันออก,2555,73,22.4,3.8,0.4,0,0.3,0,รายงานผลการสำรวจภาวะเศรษฐกิจและสังคมของครัวเรือน พ.ศ. 2553- 2556 และจังหวัดฉะเชิงเทรา สำนักงานสถิติแห่งชาติ
24,ฉะเชิงเทรา          ,Chachoengsao        ,5,ภาคตะวันออก,2556,75.4,17.7,5.7,0.6,0,0.6,0,รายงานผลการสำรวจภาวะเศรษฐกิจและสังคมของครัวเรือน พ.ศ. 2553- 2556 และจังหวัดฉะเชิงเทรา สำนักงานสถิติแห่งชาติ
24,ฉะเชิงเทรา          ,Chachoengsao        ,5,ภาคตะวันออก,2557,70,27.2,1.4,1.4,0,0,0,รายงานผลการสำรวจภาวะเศรษฐกิจและสังคมของครัวเรือน พ.ศ. 2553- 2556 และจังหวัดฉะเชิงเทรา สำนักงานสถิติแห่งชาติ
24,ฉะเชิงเทรา          ,Chachoengsao        ,5,ภาคตะวันออก,2558,70.2,26.4,1.9,1.4,0,0.2,0,รายงานผลการสำรวจภาวะเศรษฐกิจและสังคมของครัวเรือน พ.ศ. 2554- 2558 และจังหวัดฉะเชิงเทรา สำนักงานสถิติแห่งชาติ
25,ปราจีนบุรี          ,Prachin Buri        ,5,ภาคตะวันออก,2555,76.6,14.4,9,0,0,0.1,0,การสำรวจภาวะเศรษฐกิจและสังคมของครัวเรือนจังหวัดปราจีนบุรี พ.ศ. 2555 - 2559  สำนักงานสถิติแห่งชาติ
25,ปราจีนบุรี          ,Prachin Buri        ,5,ภาคตะวันออก,2556,75.8,14,9.6,0,0.2,0.3,0,การสำรวจภาวะเศรษฐกิจและสังคมของครัวเรือนจังหวัดปราจีนบุรี พ.ศ. 2555 - 2559  สำนักงานสถิติแห่งชาติ
25,ปราจีนบุรี          ,Prachin Buri        ,5,ภาคตะวันออก,2557,83,11.9,4.8,0.2,0,0,0,การสำรวจภาวะเศรษฐกิจและสังคมของครัวเรือนจังหวัดปราจีนบุรี พ.ศ. 2555 - 2559  สำนักงานสถิติแห่งชาติ
25,ปราจีนบุรี          ,Prachin Buri        ,5,ภาคตะวันออก,2558,82.8,15.4,1.7,0.1,0.1,0,0,การสำรวจภาวะเศรษฐกิจและสังคมของครัวเรือนจังหวัดปราจีนบุรี พ.ศ. 2555 - 2559  สำนักงานสถิติแห่งชาติ
25,ปราจีนบุรี          ,Prachin Buri        ,5,ภาคตะวันออก,2559,72.1,22.4,1.1,4.4,0,0,0,การสำรวจภาวะเศรษฐกิจและสังคมของครัวเรือนจังหวัดปราจีนบุรี พ.ศ. 2555 - 2559  สำนักงานสถิติแห่งชาติ
26,นครนายก             ,Nakhon Nayok        ,5,ภาคตะวันออก,2554,93.7,4.1,0.2,2,0,0,0,การสำรวจภาวะเศรษฐกิจและสังคมของครัวเรือนจังหวัดนครนายก พ.ศ. 2554 - 2557   สำนักงานสถิติแห่งชาติ
26,นครนายก             ,Nakhon Nayok        ,5,ภาคตะวันออก,2555,93.6,4.9,0.9,0.6,0,0,0,การสำรวจภาวะเศรษฐกิจและสังคมของครัวเรือนจังหวัดนครนายก พ.ศ. 2554 - 2557   สำนักงานสถิติแห่งชาติ
26,นครนายก             ,Nakhon Nayok        ,5,ภาคตะวันออก,2556,92.5,6.6,0.2,0.6,0,0,0,การสำรวจภาวะเศรษฐกิจและสังคมของครัวเรือนจังหวัดนครนายก พ.ศ. 2554 - 2557   สำนักงานสถิติแห่งชาติ
26,นครนายก             ,Nakhon Nayok        ,5,ภาคตะวันออก,2557,92.4,5.6,1.5,0.6,0,0,0,การสำรวจภาวะเศรษฐกิจและสังคมของครัวเรือนจังหวัดนครนายก พ.ศ. 2554 - 2557   สำนักงานสถิติแห่งชาติ
26,นครนายก             ,Nakhon Nayok        ,5,ภาคตะวันออก,2558,92.9,4.3,1.8,0.6,0.4,0,0,การสำรวจภาวะเศรษฐกิจและสังคมของครัวเรือนจังหวัดนครนายก พ.ศ. 2554 - 2558   สำนักงานสถิติแห่งชาติ
26,นครนายก             ,Nakhon Nayok        ,5,ภาคตะวันออก,2559,94.1,4.6,0.2,1.2,0,0,0,การสำรวจภาวะเศรษฐกิจและสังคมของครัวเรือนจังหวัดนครนายก พ.ศ. 2555 - 2559  สำนักงานสถิติแห่งชาติ
27,สระแก้ว             ,Sa kaeo             ,5,ภาคตะวันออก,2553,91.7,7.5,0.1,0.1,0.4,0.2,0,การสำรวจภาวะเศรษฐกิจและสังคมของครัวเรือนจังหวัดสระแก้ว พ.ศ. 2553-2557
27,สระแก้ว             ,Sa kaeo             ,5,ภาคตะวันออก,2554,93.3,5.6,0,0,0.1,1,0,การสำรวจภาวะเศรษฐกิจและสังคมของครัวเรือนจังหวัดสระแก้ว พ.ศ. 2553-2558
27,สระแก้ว             ,Sa kaeo             ,5,ภาคตะวันออก,2555,92.7,6.7,0.2,0.3,0,0.1,0,การสำรวจภาวะเศรษฐกิจและสังคมของครัวเรือนจังหวัดสระแก้ว พ.ศ. 2553-2559
27,สระแก้ว             ,Sa kaeo             ,5,ภาคตะวันออก,2556,93.2,6.2,0.1,0.4,0,0.1,0,การสำรวจภาวะเศรษฐกิจและสังคมของครัวเรือนจังหวัดสระแก้ว พ.ศ. 2553-2560
27,สระแก้ว             ,Sa kaeo             ,5,ภาคตะวันออก,2557,91,7.4,0.5,1.2,0,0,0,การสำรวจภาวะเศรษฐกิจและสังคมของครัวเรือนจังหวัดสระแก้ว พ.ศ. 2553-2561
27,สระแก้ว             ,Sa kaeo             ,5,ภาคตะวันออก,2558,91.8,6.9,0.3,0.8,0.2,0,0,การสำรวจภาวะเศรษฐกิจและสังคมของครัวเรือนจังหวัดสระแก้ว พ.ศ. 2554 - 2558  สำนักงานสถิติแห่งชาติ
27,สระแก้ว             ,Sa kaeo             ,5,ภาคตะวันออก,2559,94.7,5.2,0,0.1,0,0,0,การสำรวจภาวะเศรษฐกิจและสังคมของครัวเรือนจังหวัดสระแก้ว พ.ศ. 2555 -  2559  สำนักงานสถิติแห่งชาติ
31,บุรีรัมย์           ,Buri Ram            ,2,ภาคตะวันออกเฉียงเหนือ,2554,93.1,5.2,0.6,0.6,0.1,0.3,0.1, รายงานผลการสำรวจภาวะเศรษฐกิจและสังคมของครัวเรือน พ.ศ.2554-2557  และจังหวัด บุรีรัมย์  สำนักงานสถิติแห่งชาติ
31,บุรีรัมย์           ,Buri Ram            ,2,ภาคตะวันออกเฉียงเหนือ,2555,97.1,1.7,0.1,0.7,0,0.4,0, รายงานผลการสำรวจภาวะเศรษฐกิจและสังคมของครัวเรือน พ.ศ.2554-2557  และจังหวัด บุรีรัมย์  สำนักงานสถิติแห่งชาติ
31,บุรีรัมย์           ,Buri Ram            ,2,ภาคตะวันออกเฉียงเหนือ,2556,97.1,2.2,0.2,0.5,0,0,0, รายงานผลการสำรวจภาวะเศรษฐกิจและสังคมของครัวเรือน พ.ศ.2554-2557  และจังหวัด บุรีรัมย์  สำนักงานสถิติแห่งชาติ
31,บุรีรัมย์           ,Buri Ram            ,2,ภาคตะวันออกเฉียงเหนือ,2557,97,2.4,0.1,0.5,0,0,0, รายงานผลการสำรวจภาวะเศรษฐกิจและสังคมของครัวเรือน พ.ศ.2554-2557  และจังหวัด บุรีรัมย์  สำนักงานสถิติแห่งชาติ
31,บุรีรัมย์           ,Buri Ram            ,2,ภาคตะวันออกเฉียงเหนือ,2558,96.3,2.4,0.6,0.7,0.1,0,0,การสำรวจภาวะเศรษฐกิจและสังคมของครัวเรือนจังหวัดบุรีรัมย์ พ.ศ. 2555 -  2559  สำนักงานสถิติแห่งชาติ
31,บุรีรัมย์           ,Buri Ram            ,2,ภาคตะวันออกเฉียงเหนือ,2559,97.3,1.5,0.3,0.3,0.6,0,0,การสำรวจภาวะเศรษฐกิจและสังคมของครัวเรือนจังหวัดบุรีรัมย์ พ.ศ. 2555 -  2559  สำนักงานสถิติแห่งชาติ
31,บุรีรัมย์           ,Buri Ram            ,2,ภาคตะวันออกเฉียงเหนือ,2560,95.8,3.3,0.5,0.3,0.1,0,0,การสำรวจภาวะเศรษฐกิจและสังคมของครัวเรือนจังหวัดบุรีรัมย์ พ.ศ. 2555 -  2559  สำนักงานสถิติแห่งชาติ
32,สุรินทร์            ,Surin               ,2,ภาคตะวันออกเฉียงเหนือ,2552,97,1.8,0.2,0.1,0.1,0.9,0,"การสำรวจภาวะเศรษฐกิจและสังคมของครัวเรือนจังหวัดสุรินทร์ พ.ศ.2552, 2554  -2556 สำนักงานสถิติแห่งชาติ"
32,สุรินทร์            ,Surin               ,2,ภาคตะวันออกเฉียงเหนือ,2553,96.5,2.9,0.5,0.3,0.1,0,0,"การสำรวจภาวะเศรษฐกิจและสังคมของครัวเรือนจังหวัดสุรินทร์ พ.ศ.2552, 2554  -2556 สำนักงานสถิติแห่งชาติ"
32,สุรินทร์            ,Surin               ,2,ภาคตะวันออกเฉียงเหนือ,2554,94.8,3.2,0.7,0.5,0.1,0.8,0,"การสำรวจภาวะเศรษฐกิจและสังคมของครัวเรือนจังหวัดสุรินทร์ พ.ศ.2552, 2554  -2556 สำนักงานสถิติแห่งชาติ"
32,สุรินทร์            ,Surin               ,2,ภาคตะวันออกเฉียงเหนือ,2555,95.5,3.9,0.5,0.1,0,0.7,0,"การสำรวจภาวะเศรษฐกิจและสังคมของครัวเรือนจังหวัดสุรินทร์ พ.ศ.2552, 2554  -2556 สำนักงานสถิติแห่งชาติ"
32,สุรินทร์            ,Surin               ,2,ภาคตะวันออกเฉียงเหนือ,2556,95.5,3.9,0.5,0.1,0,0.7,0,การสำรวจภาวะเศรษฐกิจและสังคมของครัวเรือนจังหวัดสุรินทร์ พ.ศ. 2554 - 2558  สำนักงานสถิติแห่งชาติ
32,สุรินทร์            ,Surin               ,2,ภาคตะวันออกเฉียงเหนือ,2557,90,6.5,0.8,2.4,0.1,0.2,0,การสำรวจภาวะเศรษฐกิจและสังคมของครัวเรือนจังหวัดสุรินทร์ พ.ศ. 2554 - 2558  สำนักงานสถิติแห่งชาติ
32,สุรินทร์            ,Surin               ,2,ภาคตะวันออกเฉียงเหนือ,2558,91.1,6.8,0.4,1.6,0.1,0,0,การสำรวจภาวะเศรษฐกิจและสังคมของครัวเรือนจังหวัดสุรินทร์ พ.ศ. 2554 - 2558  สำนักงานสถิติแห่งชาติ
32,สุรินทร์            ,Surin               ,2,ภาคตะวันออกเฉียงเหนือ,2559,96.2,3.6,0.1,0,0,0,0,การสำรวจภาวะเศรษฐกิจและสังคมของครัวเรือนจังหวัดสุรินทร์ พ.ศ. 2555 - 2559  สำนักงานสถิติแห่งชาติ
33,ศรีสะเกษ            ,Si Sa Ket           ,2,ภาคตะวันออกเฉียงเหนือ,2554,96.8,2.8,0.1,0.1,0,0,0.2,รายงานผลการสำรวจภาวะเศรษฐกิจและสังคมของครัวเรือน พ.ศ. 2553  - 2556 และจังหวัดศรีสะเกษ สำนักงานสถิติแห่งชาติ
33,ศรีสะเกษ            ,Si Sa Ket           ,2,ภาคตะวันออกเฉียงเหนือ,2555,96.7,2.8,0.1,0.2,0.1,0,0,รายงานผลการสำรวจภาวะเศรษฐกิจและสังคมของครัวเรือน พ.ศ. 2553  - 2556 และจังหวัดศรีสะเกษ สำนักงานสถิติแห่งชาติ
33,ศรีสะเกษ            ,Si Sa Ket           ,2,ภาคตะวันออกเฉียงเหนือ,2556,96.4,3.2,0.1,0.3,0,0,0,รายงานผลการสำรวจภาวะเศรษฐกิจและสังคมของครัวเรือน พ.ศ. 2553  - 2556 และจังหวัดศรีสะเกษ สำนักงานสถิติแห่งชาติ
33,ศรีสะเกษ            ,Si Sa Ket           ,2,ภาคตะวันออกเฉียงเหนือ,2557,96.5,2.4,0.5,0.6,0,0,0,รายงานผลการสำรวจภาวะเศรษฐกิจและสังคมของครัวเรือน พ.ศ. 2553  - 2556 และจังหวัดศรีสะเกษ สำนักงานสถิติแห่งชาติ
33,ศรีสะเกษ            ,Si Sa Ket           ,2,ภาคตะวันออกเฉียงเหนือ,2558,96.5,2.4,0.1,0.9,0.1,0,0,การสำรวจภาวะเศรษฐกิจและสังคมของครัวเรือนจังหวัดศรีสะเกษ พ.ศ.2554 -  2558  สำนักงานสถิติแห่งชาติ
35,ยโสธร               ,Yasothon            ,2,ภาคตะวันออกเฉียงเหนือ,2554,97.7,2,0,0.2,0.1,0,0,การสำรวจภาวะเศรษฐกิจและสังคมของครัวเรือน จังหวัดยโสธร พ.ศ. 2554 - 2557   สำนักงานสถิติแห่งชาติ
35,ยโสธร               ,Yasothon            ,2,ภาคตะวันออกเฉียงเหนือ,2555,98.2,1.6,0.2,0,0,0,0,การสำรวจภาวะเศรษฐกิจและสังคมของครัวเรือน จังหวัดยโสธร พ.ศ. 2554 - 2557   สำนักงานสถิติแห่งชาติ
35,ยโสธร               ,Yasothon            ,2,ภาคตะวันออกเฉียงเหนือ,2556,98.9,0.9,0,0.2,0,0,0,การสำรวจภาวะเศรษฐกิจและสังคมของครัวเรือน จังหวัดยโสธร พ.ศ. 2554 - 2557   สำนักงานสถิติแห่งชาติ
35,ยโสธร               ,Yasothon            ,2,ภาคตะวันออกเฉียงเหนือ,2557,97.3,2.1,0,0.5,0.1,0,0,การสำรวจภาวะเศรษฐกิจและสังคมของครัวเรือน จังหวัดยโสธร พ.ศ. 2554 - 2557   สำนักงานสถิติแห่งชาติ
35,ยโสธร               ,Yasothon            ,2,ภาคตะวันออกเฉียงเหนือ,2558,97.9,1.8,0.2,0.1,0,0,0,การสำรวจภาวะเศรษฐกิจและสังคมของครัวเรือนจังหวัดยโสธร พ.ศ. 2554 - 2558 สำนักงานสถิติแห่งชาติ
35,ยโสธร               ,Yasothon            ,2,ภาคตะวันออกเฉียงเหนือ,2559,97.9,2.1,0,0.4,0,0,0,การสำรวจภาวะเศรษฐกิจและสังคมของครัวเรือนจังหวัดยโสธร พ.ศ. 2555 - 2559 สำนักงานสถิติแห่งชาติ
36,ชัยภูมิ             ,Chaiyaphum          ,2,ภาคตะวันออกเฉียงเหนือ,2550,97.7,1.8,0.1,0.1,0,0.3,0,รายงานผลการสำรวจภาวะเศรษฐกิจและสังคมของครัวเรือน พ.ศ.   2550  2552  2553  2554 และ 2556 จังหวัดชัยภูมิ  สำนักงานสถิติแห่งชาติ
36,ชัยภูมิ             ,Chaiyaphum          ,2,ภาคตะวันออกเฉียงเหนือ,2552,97.8,1.8,0.1,0.2,0,0,0,รายงานผลการสำรวจภาวะเศรษฐกิจและสังคมของครัวเรือน พ.ศ.   2550  2552  2553  2554 และ 2556 จังหวัดชัยภูมิ  สำนักงานสถิติแห่งชาติ
36,ชัยภูมิ             ,Chaiyaphum          ,2,ภาคตะวันออกเฉียงเหนือ,2553,98,1.9,0.1,0,0,0,0,รายงานผลการสำรวจภาวะเศรษฐกิจและสังคมของครัวเรือน พ.ศ.   2550  2552  2553  2554 และ 2556 จังหวัดชัยภูมิ  สำนักงานสถิติแห่งชาติ
36,ชัยภูมิ             ,Chaiyaphum          ,2,ภาคตะวันออกเฉียงเหนือ,2554,97.4,2,0.1,0,0,0,0,รายงานผลการสำรวจภาวะเศรษฐกิจและสังคมของครัวเรือน พ.ศ.   2550  2552  2553  2554 และ 2556 จังหวัดชัยภูมิ  สำนักงานสถิติแห่งชาติ
36,ชัยภูมิ             ,Chaiyaphum          ,2,ภาคตะวันออกเฉียงเหนือ,2556,98.6,1.2,0.1,0,0,0,0,รายงานผลการสำรวจภาวะเศรษฐกิจและสังคมของครัวเรือน พ.ศ.   2550  2552  2553  2554 และ 2556 จังหวัดชัยภูมิ  สำนักงานสถิติแห่งชาติ
36,ชัยภูมิ             ,Chaiyaphum          ,2,ภาคตะวันออกเฉียงเหนือ,2558,94.3,4.8,0.2,0.3,0,0.4,0,รายงานผลการสำรวจภาวะเศรษฐกิจและสังคมของครัวเรือน พ.ศ.   2550  2552  2553  2554 และ 2556 จังหวัดชัยภูมิ  สำนักงานสถิติแห่งชาติ
38,บึงกาฬ              ,Bueng Kan           ,2,ภาคตะวันออกเฉียงเหนือ,2555,99.4,0.6,0,0,0,0,0,รายงานผลการสำรวจภาวะเศรษฐกิจและสังคมของครัวเรือน จังหวัดบึงกาฬ พ.ศ. 2555 - 2557    สำนักงานสถิติแห่งชาติ
38,บึงกาฬ              ,Bueng Kan           ,2,ภาคตะวันออกเฉียงเหนือ,2556,100,0,0,0,0,0,0,รายงานผลการสำรวจภาวะเศรษฐกิจและสังคมของครัวเรือน จังหวัดบึงกาฬ พ.ศ. 2555 - 2557    สำนักงานสถิติแห่งชาติ
38,บึงกาฬ              ,Bueng Kan           ,2,ภาคตะวันออกเฉียงเหนือ,2557,97.9,2.1,0,0,0,0,0,รายงานผลการสำรวจภาวะเศรษฐกิจและสังคมของครัวเรือน จังหวัดบึงกาฬ พ.ศ. 2555 - 2557    สำนักงานสถิติแห่งชาติ
38,บึงกาฬ              ,Bueng Kan           ,2,ภาคตะวันออกเฉียงเหนือ,2558,98.3,1.2,0.1,0.2,0,0.3,0,การสำรวจภาวะเศรษฐกิจและสังคมของครัวเรือนจังหวัดบึงกาฬ พ.ศ. 2555 -  2558  สำนักงานสถิติแห่งชาติ
38,บึงกาฬ              ,Bueng Kan           ,2,ภาคตะวันออกเฉียงเหนือ,2559,98.3,1.2,0.1,0.2,0,0.3,0,การสำรวจภาวะเศรษฐกิจและสังคมของครัวเรือนจังหวัดบึงกาฬ พ.ศ. 2556 -  2559  สำนักงานสถิติแห่งชาติ
39,หนองบัวลำภู         ,Nong Bua Lam Phu    ,2,ภาคตะวันออกเฉียงเหนือ,2552,97.1,1.8,0,0.4,0,0.7,0,รายงานผลการสำรวจภาวะเศรษฐกิจและสังคมของครัวเรือน พ.ศ. 2552- 2556  จังหวัด หนองบัวลำภู  สำนักงานสถิติแห่งชาติ
39,หนองบัวลำภู         ,Nong Bua Lam Phu    ,2,ภาคตะวันออกเฉียงเหนือ,2553,97.9,1.9,0,0.2,0,0,0,รายงานผลการสำรวจภาวะเศรษฐกิจและสังคมของครัวเรือน พ.ศ. 2552- 2556  จังหวัด หนองบัวลำภู  สำนักงานสถิติแห่งชาติ
39,หนองบัวลำภู         ,Nong Bua Lam Phu    ,2,ภาคตะวันออกเฉียงเหนือ,2554,97.3,2.3,0.3,0.2,0,0,0,รายงานผลการสำรวจภาวะเศรษฐกิจและสังคมของครัวเรือน พ.ศ. 2552- 2556  จังหวัด หนองบัวลำภู  สำนักงานสถิติแห่งชาติ
39,หนองบัวลำภู         ,Nong Bua Lam Phu    ,2,ภาคตะวันออกเฉียงเหนือ,2555,98.6,0.9,0,0,0,0.5,0,รายงานผลการสำรวจภาวะเศรษฐกิจและสังคมของครัวเรือน พ.ศ. 2552- 2556  จังหวัด หนองบัวลำภู  สำนักงานสถิติแห่งชาติ
39,หนองบัวลำภู         ,Nong Bua Lam Phu    ,2,ภาคตะวันออกเฉียงเหนือ,2556,96.6,0.8,2.5,0,0,0.2,0,รายงานผลการสำรวจภาวะเศรษฐกิจและสังคมของครัวเรือน พ.ศ. 2552- 2556  จังหวัด หนองบัวลำภู  สำนักงานสถิติแห่งชาติ
39,หนองบัวลำภู         ,Nong Bua Lam Phu    ,2,ภาคตะวันออกเฉียงเหนือ,2558,97.7,2.2,0,0,0,0.1,0,"รายงานผลการสำรวจภาวะเศรษฐกิจและสังคมของครัวเรือน พ.ศ. 2553 - 2556,2558  จังหวัด หนองบัวลำภู  สำนักงานสถิติแห่งชาติ"
39,หนองบัวลำภู         ,Nong Bua Lam Phu    ,2,ภาคตะวันออกเฉียงเหนือ,2559,97.9,1.5,0,0.4,0,0.1,0,รายงานผลการสำรวจภาวะเศรษฐกิจและสังคมของครัวเรือน พ.ศ. 2554 - 2556 2558 - 2559 จังหวัดหนองบัวลำภู  สำนักงานสถิติแห่งชาติ
43,หนองคาย             ,Nong Khai           ,2,ภาคตะวันออกเฉียงเหนือ,2554,94.5,4.9,0.2,0.4,0,0,0,การสำรวจภาวะเศรษฐกิจและสังคมของครัวเรือนจังหวัดหนองคาย พ.ศ. 2554 - 2558  สำนักงานสถิติแห่งชาติ
43,หนองคาย             ,Nong Khai           ,2,ภาคตะวันออกเฉียงเหนือ,2555,94.1,2.6,0.3,1.4,0,0,1.6,การสำรวจภาวะเศรษฐกิจและสังคมของครัวเรือนจังหวัดหนองคาย พ.ศ. 2554 - 2558  สำนักงานสถิติแห่งชาติ
43,หนองคาย             ,Nong Khai           ,2,ภาคตะวันออกเฉียงเหนือ,2556,94.3,2.9,0.2,2.6,0,0,0,การสำรวจภาวะเศรษฐกิจและสังคมของครัวเรือนจังหวัดหนองคาย พ.ศ. 2554 - 2558  สำนักงานสถิติแห่งชาติ
43,หนองคาย             ,Nong Khai           ,2,ภาคตะวันออกเฉียงเหนือ,2557,96.2,3.8,0,0,0,0,0,การสำรวจภาวะเศรษฐกิจและสังคมของครัวเรือนจังหวัดหนองคาย พ.ศ. 2554 - 2558  สำนักงานสถิติแห่งชาติ
43,หนองคาย             ,Nong Khai           ,2,ภาคตะวันออกเฉียงเหนือ,2558,97.1,2.7,0.2,0,0,0,0,การสำรวจภาวะเศรษฐกิจและสังคมของครัวเรือนจังหวัดหนองคาย พ.ศ. 2554 - 2558  สำนักงานสถิติแห่งชาติ
44,มหาสารคาม           ,Maha Sarakham       ,2,ภาคตะวันออกเฉียงเหนือ,2554,95.5,2.2,0.1,2.1,0.1,0,0,รายงานผลการสำรวจภาวะเศรษฐกิจและสังคมของครัวเรือน พ.ศ. 2554 - 2557 และจังหวัดมหาสารคาม  สำนักงานสถิติแห่งชาติ
44,มหาสารคาม           ,Maha Sarakham       ,2,ภาคตะวันออกเฉียงเหนือ,2555,94.4,3.6,0.8,1.1,0.1,0,0,รายงานผลการสำรวจภาวะเศรษฐกิจและสังคมของครัวเรือน พ.ศ. 2554 - 2557 และจังหวัดมหาสารคาม  สำนักงานสถิติแห่งชาติ
44,มหาสารคาม           ,Maha Sarakham       ,2,ภาคตะวันออกเฉียงเหนือ,2556,95.4,4,0,0.5,0.1,0,0,รายงานผลการสำรวจภาวะเศรษฐกิจและสังคมของครัวเรือน พ.ศ. 2554 - 2557 และจังหวัดมหาสารคาม  สำนักงานสถิติแห่งชาติ
44,มหาสารคาม           ,Maha Sarakham       ,2,ภาคตะวันออกเฉียงเหนือ,2557,90.2,4.3,0,5,0,0.4,0.1,รายงานผลการสำรวจภาวะเศรษฐกิจและสังคมของครัวเรือน พ.ศ. 2554 - 2557 และจังหวัดมหาสารคาม  สำนักงานสถิติแห่งชาติ
44,มหาสารคาม           ,Maha Sarakham       ,2,ภาคตะวันออกเฉียงเหนือ,2558,89,5.4,0.4,5.1,0.1,0,0,การสำรวจภาวะเศรษฐกิจและสังคมของครัวเรือนจังหวัดมหาสารคาม  พ.ศ. 2554 - 2558  สำนักงานสถิติแห่งชาติ
44,มหาสารคาม           ,Maha Sarakham       ,2,ภาคตะวันออกเฉียงเหนือ,2559,93.4,2.4,0.2,3.9,0,0,0.1,การสำรวจภาวะเศรษฐกิจและสังคมของครัวเรือนจังหวัดมหาสารคาม  พ.ศ. 2555 - 2559  สำนักงานสถิติแห่งชาติ
45,ร้อยเอ็ด            ,Roi Et              ,2,ภาคตะวันออกเฉียงเหนือ,2553,96.6,2.5,0.3,0.6,0,0,0,การสำรวจภาวะเศรษฐกิจและสังคมของครัวเรือน จังหวัดร้อยเอ็ด พ.ศ. 2553 - 2557 และจังหวัด ร้อยเอ็ด  สำนักงานสถิติแห่งชาติ
45,ร้อยเอ็ด            ,Roi Et              ,2,ภาคตะวันออกเฉียงเหนือ,2554,96.9,2.7,0.1,0.3,0,0,0,การสำรวจภาวะเศรษฐกิจและสังคมของครัวเรือน จังหวัดร้อยเอ็ด พ.ศ. 2553 - 2557 และจังหวัด ร้อยเอ็ด  สำนักงานสถิติแห่งชาติ
45,ร้อยเอ็ด            ,Roi Et              ,2,ภาคตะวันออกเฉียงเหนือ,2555,98.2,1.2,0.1,0.2,0,0,0.3,การสำรวจภาวะเศรษฐกิจและสังคมของครัวเรือน จังหวัดร้อยเอ็ด พ.ศ. 2553 - 2557 และจังหวัด ร้อยเอ็ด  สำนักงานสถิติแห่งชาติ
45,ร้อยเอ็ด            ,Roi Et              ,2,ภาคตะวันออกเฉียงเหนือ,2556,98.2,1.6,0.2,0,0,0,0,การสำรวจภาวะเศรษฐกิจและสังคมของครัวเรือน จังหวัดร้อยเอ็ด พ.ศ. 2553 - 2557 และจังหวัด ร้อยเอ็ด  สำนักงานสถิติแห่งชาติ
45,ร้อยเอ็ด            ,Roi Et              ,2,ภาคตะวันออกเฉียงเหนือ,2557,95.4,2.5,0,1.1,0,0,1,การสำรวจภาวะเศรษฐกิจและสังคมของครัวเรือน จังหวัดร้อยเอ็ด พ.ศ. 2553 - 2557 และจังหวัด ร้อยเอ็ด  สำนักงานสถิติแห่งชาติ
45,ร้อยเอ็ด            ,Roi Et              ,2,ภาคตะวันออกเฉียงเหนือ,2558,93.9,3.5,0.1,2.5,0,0,0,การสำรวจภาวะเศรษฐกิจและสังคมของครัวเรือน จังหวัดร้อยเอ็ด พ.ศ. 2553 - 2557 และจังหวัด ร้อยเอ็ด  สำนักงานสถิติแห่งชาติ
45,ร้อยเอ็ด            ,Roi Et              ,2,ภาคตะวันออกเฉียงเหนือ,2559,97.6,1.6,0,0.8,0,0,0,การสำรวจภาวะเศรษฐกิจและสังคมของครัวเรือน จังหวัดร้อยเอ็ด พ.ศ. 2555 - 2559 และจังหวัด ร้อยเอ็ด  สำนักงานสถิติแห่งชาติ
46,กาฬสินธุ์           ,Kalasin             ,2,ภาคตะวันออกเฉียงเหนือ,2554,97.4,1.9,0.7,0,0,0,0,รายงานผลการสำรวจภาวะเศรษฐกิจและสังคมของครัวเรือน พ.ศ. 2552 - 2555  จังหวัดกาฬสินธุ์  สำนักงานสถิติแห่งชาติ
46,กาฬสินธุ์           ,Kalasin             ,2,ภาคตะวันออกเฉียงเหนือ,2555,99.4,0.5,0.1,0,0,0,0,รายงานผลการสำรวจภาวะเศรษฐกิจและสังคมของครัวเรือน พ.ศ. 2552 - 2555  จังหวัดกาฬสินธุ์  สำนักงานสถิติแห่งชาติ
46,กาฬสินธุ์           ,Kalasin             ,2,ภาคตะวันออกเฉียงเหนือ,2556,98.3,1.3,0.2,0,0,0.1,0,รายงานผลการสำรวจภาวะเศรษฐกิจและสังคมของครัวเรือน พ.ศ. 2552 - 2555  จังหวัดกาฬสินธุ์  สำนักงานสถิติแห่งชาติ
46,กาฬสินธุ์           ,Kalasin             ,2,ภาคตะวันออกเฉียงเหนือ,2557,98.8,1.2,0,0,0,0,0,รายงานผลการสำรวจภาวะเศรษฐกิจและสังคมของครัวเรือน พ.ศ. 2552 - 2555  จังหวัดกาฬสินธุ์  สำนักงานสถิติแห่งชาติ
46,กาฬสินธุ์           ,Kalasin             ,2,ภาคตะวันออกเฉียงเหนือ,2558,99.1,0.9,0,0,0,0,0,รายงานผลการสำรวจภาวะเศรษฐกิจและสังคมของครัวเรือน พ.ศ. 2552 - 2555  จังหวัดกาฬสินธุ์  สำนักงานสถิติแห่งชาติ
47,สกลนคร              ,Sakon Nakhon        ,2,ภาคตะวันออกเฉียงเหนือ,2550,97.9,1.9,0,0.1,0.1,0,0,"รายงานผลการสำรวจภาวะเศรษฐกิจและสังคมของครัวเรือน พ.ศ. 2550 , 2551, 2552, 2553 และ 2554"
47,สกลนคร              ,Sakon Nakhon        ,2,ภาคตะวันออกเฉียงเหนือ,2551,97,1.8,0.7,0.2,0.3,0,0,"รายงานผลการสำรวจภาวะเศรษฐกิจและสังคมของครัวเรือน พ.ศ. 2550 , 2551, 2552, 2553 และ 2555"
47,สกลนคร              ,Sakon Nakhon        ,2,ภาคตะวันออกเฉียงเหนือ,2552,97.4,1.9,0.3,0.1,0.1,0.3,0,"รายงานผลการสำรวจภาวะเศรษฐกิจและสังคมของครัวเรือน พ.ศ. 2550 , 2551, 2552, 2553 และ 2556"
47,สกลนคร              ,Sakon Nakhon        ,2,ภาคตะวันออกเฉียงเหนือ,2553,96.9,2.6,0.2,0.2,0,0,0,"รายงานผลการสำรวจภาวะเศรษฐกิจและสังคมของครัวเรือน พ.ศ. 2550 , 2551, 2552, 2553 และ 2557"
47,สกลนคร              ,Sakon Nakhon        ,2,ภาคตะวันออกเฉียงเหนือ,2554,96.7,2.6,0.1,0.4,0,0.1,0,"รายงานผลการสำรวจภาวะเศรษฐกิจและสังคมของครัวเรือน พ.ศ. 2550 , 2551, 2552, 2553 และ 2558"
47,สกลนคร              ,Sakon Nakhon        ,2,ภาคตะวันออกเฉียงเหนือ,2555,97.2,1.6,0,1.1,0.1,0,0,"รายงานผลการสำรวจภาวะเศรษฐกิจและสังคมของครัวเรือน พ.ศ. 2550 , 2551, 2552, 2553 และ 2559"
47,สกลนคร              ,Sakon Nakhon        ,2,ภาคตะวันออกเฉียงเหนือ,2556,98,1.3,0,0.7,0,0,0,"รายงานผลการสำรวจภาวะเศรษฐกิจและสังคมของครัวเรือน พ.ศ. 2550 , 2551, 2552, 2553 และ 2560"
47,สกลนคร              ,Sakon Nakhon        ,2,ภาคตะวันออกเฉียงเหนือ,2557,96.1,2.4,0,1.3,0.2,0,0,"รายงานผลการสำรวจภาวะเศรษฐกิจและสังคมของครัวเรือน พ.ศ. 2550 , 2551, 2552, 2553 และ 2561"
47,สกลนคร              ,Sakon Nakhon        ,2,ภาคตะวันออกเฉียงเหนือ,2558,96.7,2.6,0.1,0.6,0,0,0,การสำรวจภาวะเศรษฐกิจและสังคมของครัวเรือนจังหวัดสกลนคร พ.ศ. 2554 -  2558  สำนักงานสถิติแห่งชาติ
47,สกลนคร              ,Sakon Nakhon        ,2,ภาคตะวันออกเฉียงเหนือ,2559,97.5,1.7,0,0.6,0.2,0,0,การสำรวจภาวะเศรษฐกิจและสังคมของครัวเรือนจังหวัดสกลนคร พ.ศ. 2555 -  2559  สำนักงานสถิติแห่งชาติ
48,นครพนม              ,Nakhon Phanom       ,2,ภาคตะวันออกเฉียงเหนือ,2554,96.2,3,0.1,0.7,0,0,0,รายงานผลการสำรวจภาวะเศรษฐกิจและสังคมของครัวเรือน พ.ศ. 2553 - 2556 จังหวัดนครพนม 
48,นครพนม              ,Nakhon Phanom       ,2,ภาคตะวันออกเฉียงเหนือ,2555,98.1,1.3,0.1,0.6,0,0,0,รายงานผลการสำรวจภาวะเศรษฐกิจและสังคมของครัวเรือน พ.ศ. 2553 - 2556 จังหวัดนครพนม 
48,นครพนม              ,Nakhon Phanom       ,2,ภาคตะวันออกเฉียงเหนือ,2556,98.5,0.8,0.1,0.6,0,0,0,รายงานผลการสำรวจภาวะเศรษฐกิจและสังคมของครัวเรือน พ.ศ. 2553 - 2556 จังหวัดนครพนม 
48,นครพนม              ,Nakhon Phanom       ,2,ภาคตะวันออกเฉียงเหนือ,2557,97.1,2.6,0,0.3,0.1,0,0,รายงานผลการสำรวจภาวะเศรษฐกิจและสังคมของครัวเรือน พ.ศ. 2553 - 2556 จังหวัดนครพนม 
48,นครพนม              ,Nakhon Phanom       ,2,ภาคตะวันออกเฉียงเหนือ,2558,97.2,2.5,0.1,0.2,0,0,0,การสำรวจภาวะเศรษฐกิจและสังคมของครัวเรือนจังหวัดนครพนม  พ.ศ. 2554 - 2558  สำนักงานสถิติแห่งชาติ
48,นครพนม              ,Nakhon Phanom       ,2,ภาคตะวันออกเฉียงเหนือ,2559,96.2,3.1,0.6,0.1,0,0,0,การสำรวจภาวะเศรษฐกิจและสังคมของครัวเรือนจังหวัดนครพนม พ.ศ. 2555 -  2559  สำนักงานสถิติแห่งชาติ
49,มุกดาหาร            ,Mukdahan            ,2,ภาคตะวันออกเฉียงเหนือ,2553,95.5,3.9,1.6,0,0,0,0,การสำรวจภาวะเศรษฐกิจและสังคมของครัวเรือนจังหวัดมุกดาหาร พ.ศ. 2553 -  2557  สำนักงานสถิติแห่งชาติ
49,มุกดาหาร            ,Mukdahan            ,2,ภาคตะวันออกเฉียงเหนือ,2554,95.5,3.4,0.5,0.1,0,0.6,0,การสำรวจภาวะเศรษฐกิจและสังคมของครัวเรือนจังหวัดมุกดาหาร พ.ศ. 2553 -  2557  สำนักงานสถิติแห่งชาติ
49,มุกดาหาร            ,Mukdahan            ,2,ภาคตะวันออกเฉียงเหนือ,2555,98.7,1.7,0,0.1,0,0,0,การสำรวจภาวะเศรษฐกิจและสังคมของครัวเรือนจังหวัดมุกดาหาร พ.ศ. 2553 -  2557  สำนักงานสถิติแห่งชาติ
49,มุกดาหาร            ,Mukdahan            ,2,ภาคตะวันออกเฉียงเหนือ,2556,98.8,1.1,0,0.1,0,0,0,การสำรวจภาวะเศรษฐกิจและสังคมของครัวเรือนจังหวัดมุกดาหาร พ.ศ. 2553 -  2557  สำนักงานสถิติแห่งชาติ
49,มุกดาหาร            ,Mukdahan            ,2,ภาคตะวันออกเฉียงเหนือ,2557,95.5,3.5,1,0,0,0,0,การสำรวจภาวะเศรษฐกิจและสังคมของครัวเรือนจังหวัดมุกดาหาร พ.ศ. 2553 -  2557  สำนักงานสถิติแห่งชาติ
49,มุกดาหาร            ,Mukdahan            ,2,ภาคตะวันออกเฉียงเหนือ,2558,94,4.5,1.4,0,0,0.1,0,การสำรวจภาวะเศรษฐกิจและสังคมของครัวเรือนจังหวัดมุกดาหาร พ.ศ. 2554 - 2558  สำนักงานสถิติแห่งชาติ
51,ลำพูน               ,Lamphun             ,1,ภาคเหนือ,2552,97.8,1.5,0.1,0,0,0,0.6,"รายงานผลการสำรวจภาวะเศรษฐกิจและสังคมของครัวเรือน พ.ศ. 2552, 2554, 2556  และ 2557 จังหวัด"
51,ลำพูน               ,Lamphun             ,1,ภาคเหนือ,2553,97.9,1.2,0,0.7,0,0.1,0.2,"รายงานผลการสำรวจภาวะเศรษฐกิจและสังคมของครัวเรือน พ.ศ. 2552, 2554, 2556  และ 2557 จังหวัด"
51,ลำพูน               ,Lamphun             ,1,ภาคเหนือ,2554,89.8,0.8,0.3,9.1,0,0,0,"รายงานผลการสำรวจภาวะเศรษฐกิจและสังคมของครัวเรือน พ.ศ. 2552, 2554, 2556  และ 2557 จังหวัด"
51,ลำพูน               ,Lamphun             ,1,ภาคเหนือ,2555,82.4,3.8,0.2,13.4,0.2,0,0,การสำรวจภาวะเศรษฐกิจและสังคมของครัวเรือนจังหวัดลำพูน พ.ศ. 2555 - 2558  สำนักงานสถิติแห่งชาติ
51,ลำพูน               ,Lamphun             ,1,ภาคเหนือ,2556,89.8,0.8,0.3,9.1,0,0,0,การสำรวจภาวะเศรษฐกิจและสังคมของครัวเรือนจังหวัดลำพูน พ.ศ. 2555 - 2558  สำนักงานสถิติแห่งชาติ
51,ลำพูน               ,Lamphun             ,1,ภาคเหนือ,2557,82.4,3.8,0.2,13.4,0.2,0,0,การสำรวจภาวะเศรษฐกิจและสังคมของครัวเรือนจังหวัดลำพูน พ.ศ. 2555 - 2558  สำนักงานสถิติแห่งชาติ
51,ลำพูน               ,Lamphun             ,1,ภาคเหนือ,2558,82.1,2.3,0.8,14.5,0.3,0,0,การสำรวจภาวะเศรษฐกิจและสังคมของครัวเรือนจังหวัดลำพูน พ.ศ. 2555 - 2558  สำนักงานสถิติแห่งชาติ
51,ลำพูน               ,Lamphun             ,1,ภาคเหนือ,2559,91.2,2.4,0.3,6.1,0,0,0,การสำรวจภาวะเศรษฐกิจและสังคมของครัวเรือนจังหวัดลำพูน พ.ศ. 2556 - 2560 สำนักงานสถิติแห่งชาติ
51,ลำพูน               ,Lamphun             ,1,ภาคเหนือ,2560,90.5,4.1,0,5.4,0,0,0,การสำรวจภาวะเศรษฐกิจและสังคมของครัวเรือนจังหวัดลำพูน พ.ศ. 2556 - 2560 สำนักงานสถิติแห่งชาติ
53,อุตรดิตถ์           ,Uttaradit           ,1,ภาคเหนือ,2554,94.2,5.2,0.3,0.1,0.2,0,0,การสำรวจภาวะเศรษฐกิจและสังคมของครัวเรือนจังหวัดอุตรดิตถ์ พ.ศ. 2554 -  2557  สำนักงานสถิติแห่งชาติ
53,อุตรดิตถ์           ,Uttaradit           ,1,ภาคเหนือ,2555,94.5,4.3,0.1,1,0.1,0,0,การสำรวจภาวะเศรษฐกิจและสังคมของครัวเรือนจังหวัดอุตรดิตถ์ พ.ศ. 2554 -  2557  สำนักงานสถิติแห่งชาติ
53,อุตรดิตถ์           ,Uttaradit           ,1,ภาคเหนือ,2556,94.8,4.3,0.3,0.5,0.1,0,0,การสำรวจภาวะเศรษฐกิจและสังคมของครัวเรือนจังหวัดอุตรดิตถ์ พ.ศ. 2554 -  2557  สำนักงานสถิติแห่งชาติ
53,อุตรดิตถ์           ,Uttaradit           ,1,ภาคเหนือ,2557,96,3.4,0.4,0.2,0,0,0,การสำรวจภาวะเศรษฐกิจและสังคมของครัวเรือนจังหวัดอุตรดิตถ์ พ.ศ. 2554 -  2557  สำนักงานสถิติแห่งชาติ
53,อุตรดิตถ์           ,Uttaradit           ,1,ภาคเหนือ,2558,96.2,3.1,0.6,0.1,0,0,0,การสำรวจภาวะเศรษฐกิจและสังคมของครัวเรือนจังหวัดอุตรดิตถ์ พ.ศ. 2554 - 2558 สำนักงานสถิติแห่งชาติ
53,อุตรดิตถ์           ,Uttaradit           ,1,ภาคเหนือ,2559,92.4,6.4,0.4,0.8,0,0,0,การสำรวจภาวะเศรษฐกิจและสังคมของครัวเรือนจังหวัดอุตรดิตถ์ พ.ศ. 2554 - 2558 สำนักงานสถิติแห่งชาติ
55,น่าน                ,Nan                 ,1,ภาคเหนือ,2553,96.4,2.6,0,0.1,0,0.8,0,"รายงานผลการสำรวจภาวะเศรษฐกิจและสังคมของครัวเรือน พ.ศ.2554 , 2555  และ 2556 จังหวัดน่านสำนักงานสถิติแห่งชาติ"
55,น่าน                ,Nan                 ,1,ภาคเหนือ,2554,97.2,2.5,0.1,0.2,0,0,0,"รายงานผลการสำรวจภาวะเศรษฐกิจและสังคมของครัวเรือน พ.ศ.2554 , 2555  และ 2556 จังหวัดน่านสำนักงานสถิติแห่งชาติ"
55,น่าน                ,Nan                 ,1,ภาคเหนือ,2555,94.9,3.9,0.7,0.3,0.1,0,0.1,"รายงานผลการสำรวจภาวะเศรษฐกิจและสังคมของครัวเรือน พ.ศ.2554 , 2555  และ 2556 จังหวัดน่านสำนักงานสถิติแห่งชาติ"
55,น่าน                ,Nan                 ,1,ภาคเหนือ,2556,97.1,2.4,0,0.4,0.1,0,0,"รายงานผลการสำรวจภาวะเศรษฐกิจและสังคมของครัวเรือน พ.ศ.2554 , 2555  และ 2556 จังหวัดน่านสำนักงานสถิติแห่งชาติ"
55,น่าน                ,Nan                 ,1,ภาคเหนือ,2557,97.1,1.8,0.1,1,0,0,0,การสำรวจภาวะเศรษฐกิจและสังคมของครัวเรือนจังหวัดน่าน พ.ศ. 2554 - 2558  สำนักงานสถิติแห่งชาติ
55,น่าน                ,Nan                 ,1,ภาคเหนือ,2558,97,2.6,0,0.4,0,0,0,การสำรวจภาวะเศรษฐกิจและสังคมของครัวเรือนจังหวัดน่าน พ.ศ. 2554 - 2558  สำนักงานสถิติแห่งชาติ
55,น่าน                ,Nan                 ,1,ภาคเหนือ,2559,97.4,2.4,0,0.1,0.1,0,0,"รายงานผลการสำรวจภาวะเศรษฐกิจและสังคมของครัวเรือน พ.ศ.2557 , 2558  และ 2559 จังหวัดน่านสำนักงานสถิติแห่งชาติ"
56,พะเยา               ,Phayao              ,1,ภาคเหนือ,2553,97.9,1.4,0.1,0.6,0,0,0,การสำรวจภาวะเศรษฐกิจและสังคมของครัวเรือน จังหวัดพะเยา พ.ศ. 2553 - 2557 สำนักงานสถิติแห่งชาติ
56,พะเยา               ,Phayao              ,1,ภาคเหนือ,2554,97.8,1.7,0,0.2,0,0.3,0,การสำรวจภาวะเศรษฐกิจและสังคมของครัวเรือน จังหวัดพะเยา พ.ศ. 2553 - 2557 สำนักงานสถิติแห่งชาติ
56,พะเยา               ,Phayao              ,1,ภาคเหนือ,2555,94.8,2.5,0.2,2.5,0,0,0,การสำรวจภาวะเศรษฐกิจและสังคมของครัวเรือน จังหวัดพะเยา พ.ศ. 2553 - 2557 สำนักงานสถิติแห่งชาติ
56,พะเยา               ,Phayao              ,1,ภาคเหนือ,2556,94.2,2.4,0,3.2,0,0.2,0,การสำรวจภาวะเศรษฐกิจและสังคมของครัวเรือน จังหวัดพะเยา พ.ศ. 2553 - 2557 สำนักงานสถิติแห่งชาติ
56,พะเยา               ,Phayao              ,1,ภาคเหนือ,2557,99.1,0.5,0,0.4,0,0,0,การสำรวจภาวะเศรษฐกิจและสังคมของครัวเรือน จังหวัดพะเยา พ.ศ. 2553 - 2557 สำนักงานสถิติแห่งชาติ
56,พะเยา               ,Phayao              ,1,ภาคเหนือ,2558,99.3,0.3,0.2,0.2,0,0,0,การสำรวจภาวะเศรษฐกิจและสังคมของครัวเรือน จังหวัดพะเยา พ.ศ. 2554 - 2558 สำนักงานสถิติแห่งชาติ
56,พะเยา               ,Phayao              ,1,ภาคเหนือ,2559,99.5,0.5,0,0,0,0,0,การสำรวจภาวะเศรษฐกิจและสังคมของครัวเรือน จังหวัดพะเยา พ.ศ. 2555 - 2559 สำนักงานสถิติแห่งชาติ
57,เชียงราย            ,Chiang Rai          ,1,ภาคเหนือ,2554,94,4.2,0.4,1.1,0,0.3,0,การสำรวจภาวะเศรษฐกิจและสังคมของครัวเรือน พ.ศ. 2554 - 2557 จังหวัดเชียงราย สำนักงานสถิติแห่งชาติ
57,เชียงราย            ,Chiang Rai          ,1,ภาคเหนือ,2555,92.6,5.9,0.3,1.1,0,0,0.1,การสำรวจภาวะเศรษฐกิจและสังคมของครัวเรือน พ.ศ. 2554 - 2557 จังหวัดเชียงราย สำนักงานสถิติแห่งชาติ
57,เชียงราย            ,Chiang Rai          ,1,ภาคเหนือ,2556,92.4,5.3,0,2.3,0,0,0,การสำรวจภาวะเศรษฐกิจและสังคมของครัวเรือน พ.ศ. 2554 - 2557 จังหวัดเชียงราย สำนักงานสถิติแห่งชาติ
57,เชียงราย            ,Chiang Rai          ,1,ภาคเหนือ,2557,92.8,6,0.1,1.1,0,0,0,การสำรวจภาวะเศรษฐกิจและสังคมของครัวเรือน พ.ศ. 2554 - 2557 จังหวัดเชียงราย สำนักงานสถิติแห่งชาติ
57,เชียงราย            ,Chiang Rai          ,1,ภาคเหนือ,2558,93.7,4.6,0,1.6,0.1,0,0,การสำรวจภาวะเศรษฐกิจและสังคมของครัวเรือนจังหวัดเชียงราย พ.ศ. 2554 - 2558 สำนักงานสถิติแห่งชาติ
57,เชียงราย            ,Chiang Rai          ,1,ภาคเหนือ,2559,89.9,7.6,0.4,2.1,0,0,0,การสำรวจภาวะเศรษฐกิจและสังคมของครัวเรือนจังหวัดเชียงราย พ.ศ. 2555 - 2559 สำนักงานสถิติแห่งชาติ
60,นครสวรรค์           ,Nakhon Sawan        ,1,ภาคเหนือ,2554,90.9,6.6,1.4,0.5,0.6,0,0,รายงานผลการสำรวจภาวะเศรษฐกิจและสังคมของครัวเรือน พ.ศ. 2552  2554  และ2556  จังหวัดนครสวรรค์  สำนักงานสถิติแห่งชาติ
60,นครสวรรค์           ,Nakhon Sawan        ,1,ภาคเหนือ,2555,87.5,9.4,3,0,0.1,0,0,รายงานผลการสำรวจภาวะเศรษฐกิจและสังคมของครัวเรือน พ.ศ. 2552  2554  และ2556  จังหวัดนครสวรรค์  สำนักงานสถิติแห่งชาติ
60,นครสวรรค์           ,Nakhon Sawan        ,1,ภาคเหนือ,2556,84.9,11.7,1.9,1.4,0.1,0,0,รายงานผลการสำรวจภาวะเศรษฐกิจและสังคมของครัวเรือน พ.ศ. 2552  2554  และ2556  จังหวัดนครสวรรค์  สำนักงานสถิติแห่งชาติ
60,นครสวรรค์           ,Nakhon Sawan        ,1,ภาคเหนือ,2557,85.7,11,2.3,0.7,0.4,0,0,การสำรวจภาวะเศรษฐกิจและสังคมของครัวเรือนจังหวัดนครสวรรค์ พ.ศ. 2554 - 2558 สำนักงานสถิติแห่งชาติ
60,นครสวรรค์           ,Nakhon Sawan        ,1,ภาคเหนือ,2558,83.3,11.4,4.6,0.8,0,0,0,การสำรวจภาวะเศรษฐกิจและสังคมของครัวเรือนจังหวัดนครสวรรค์ พ.ศ. 2554 - 2558 สำนักงานสถิติแห่งชาติ
62,กำแพงเพชร           ,Kamphaeng Phet      ,1,ภาคเหนือ,2554,94.9,3.9,0.7,0.5,0,0,0,รายงานผลการสำรวจภาวะเศรษฐกิจและสังคมของครัวเรือน พ.ศ. 2554 - 2557 และจังหวัดกำแพงเพชร  สำนักงานสถิติแห่งชาติ
62,กำแพงเพชร           ,Kamphaeng Phet      ,1,ภาคเหนือ,2555,94,5.6,0.1,0,0,0.3,0,รายงานผลการสำรวจภาวะเศรษฐกิจและสังคมของครัวเรือน พ.ศ. 2554 - 2557 และจังหวัดกำแพงเพชร  สำนักงานสถิติแห่งชาติ
62,กำแพงเพชร           ,Kamphaeng Phet      ,1,ภาคเหนือ,2556,96.5,3.5,0,0,0,0,0,รายงานผลการสำรวจภาวะเศรษฐกิจและสังคมของครัวเรือน พ.ศ. 2554 - 2557 และจังหวัดกำแพงเพชร  สำนักงานสถิติแห่งชาติ
62,กำแพงเพชร           ,Kamphaeng Phet      ,1,ภาคเหนือ,2557,96.8,2.8,0.2,0,0.1,0.1,0,รายงานผลการสำรวจภาวะเศรษฐกิจและสังคมของครัวเรือน พ.ศ. 2554 - 2557 และจังหวัดกำแพงเพชร  สำนักงานสถิติแห่งชาติ
62,กำแพงเพชร           ,Kamphaeng Phet      ,1,ภาคเหนือ,2558,96.7,2.7,0.5,0,0.1,0,0,การสำรวจภาวะเศรษฐกิจและสังคมของครัวเรือนจังหวัดกำแพงเพชร พ.ศ.2554 - 2558  สำนักงานสถิติแห่งชาติ
62,กำแพงเพชร           ,Kamphaeng Phet      ,1,ภาคเหนือ,2559,94.2,3.9,0.2,1.4,0.2,0.2,0,การสำรวจภาวะเศรษฐกิจและสังคมของครัวเรือนจังหวัดกำแพงเพชร พ.ศ.2555 - 2559  สำนักงานสถิติแห่งชาติ
63,ตาก                 ,Tak                 ,1,ภาคเหนือ,2553,87.7,9.5,0.2,1.5,0,1.3,0,รายงานผลการสำรวจภาวะเศรษฐกิจและสังคมของครัวเรือน พ.ศ.2553 - 2556 และจังหวัดตาก  สำนักงานสถิติแห่งชาติ
63,ตาก                 ,Tak                 ,1,ภาคเหนือ,2554,92.4,6.6,0.4,0,0.5,0,0,รายงานผลการสำรวจภาวะเศรษฐกิจและสังคมของครัวเรือน พ.ศ.2553 - 2556 และจังหวัดตาก  สำนักงานสถิติแห่งชาติ
63,ตาก                 ,Tak                 ,1,ภาคเหนือ,2556,88,10,0.9,1,0,0.1,0,รายงานผลการสำรวจภาวะเศรษฐกิจและสังคมของครัวเรือน พ.ศ.2553 - 2556 และจังหวัดตาก  สำนักงานสถิติแห่งชาติ
63,ตาก                 ,Tak                 ,1,ภาคเหนือ,2557,0,0,0,0,0,0,0,รายงานผลการสำรวจภาวะเศรษฐกิจและสังคมของครัวเรือน พ.ศ.2553 - 2556 และจังหวัดตาก  สำนักงานสถิติแห่งชาติ
63,ตาก                 ,Tak                 ,1,ภาคเหนือ,2558,90,8.9,0.1,1,0,0,0,การสำรวจภาวะเศรษฐกิจและสังคมของครัวเรือนจังหวัดตาก พ.ศ. 2554 - 2558  สำนักงานสถิติแห่งชาติ
66,พิจิตร              ,Phichit             ,1,ภาคเหนือ,2554,89.8,9.9,0.3,0,0,0,0, รายงานผลการสำรวจภาวะเศรษฐกิจและสังคมของครัวเรือน พ.ศ. 2554 - 2557 จังหวัดพิจิตร สำนักงานสถิติแห่งชาติ
66,พิจิตร              ,Phichit             ,1,ภาคเหนือ,2555,93.9,5.6,0.3,0,0,0,0.2, รายงานผลการสำรวจภาวะเศรษฐกิจและสังคมของครัวเรือน พ.ศ. 2554 - 2557 จังหวัดพิจิตร สำนักงานสถิติแห่งชาติ
66,พิจิตร              ,Phichit             ,1,ภาคเหนือ,2556,94,6,0,0,0,0,0, รายงานผลการสำรวจภาวะเศรษฐกิจและสังคมของครัวเรือน พ.ศ. 2554 - 2557 จังหวัดพิจิตร สำนักงานสถิติแห่งชาติ
66,พิจิตร              ,Phichit             ,1,ภาคเหนือ,2557,93.6,6.2,0.2,0,0,0,0, รายงานผลการสำรวจภาวะเศรษฐกิจและสังคมของครัวเรือน พ.ศ. 2554 - 2557 จังหวัดพิจิตร สำนักงานสถิติแห่งชาติ
66,พิจิตร              ,Phichit             ,1,ภาคเหนือ,2558,95.2,4.6,0.1,0,0,0,0,การสำรวจภาวะเศรษฐกิจและสังคมของครัวเรือนจังหวัดพิจิตร พ.ศ. 2554 - 2558  สำนักงานสถิติแห่งชาติ
66,พิจิตร              ,Phichit             ,1,ภาคเหนือ,2559,94.2,4.8,0.7,0,0.3,0,0,การสำรวจภาวะเศรษฐกิจและสังคมของครัวเรือนจังหวัดพิจิตร พ.ศ. 2555 - 25589 สำนักงานสถิติแห่งชาติ
67,เพชรบูรณ์           ,Phetchabun          ,1,ภาคเหนือ,2554,93.8,5.9,0.3,0,0,0,0,รายงานผลการสำรวจภาวะเศรษฐกิจและสังคมของครัวเรือน พ.ศ. 2554 - 2557 และจังหวัดเพชรบูรณ์  สำนักงานสถิติแห่งชาติ
67,เพชรบูรณ์           ,Phetchabun          ,1,ภาคเหนือ,2555,94.4,5.4,0.1,0.1,0,0,0,รายงานผลการสำรวจภาวะเศรษฐกิจและสังคมของครัวเรือน พ.ศ. 2554 - 2557 และจังหวัดเพชรบูรณ์  สำนักงานสถิติแห่งชาติ
67,เพชรบูรณ์           ,Phetchabun          ,1,ภาคเหนือ,2556,94.3,5.6,0,0.1,0,0,0,รายงานผลการสำรวจภาวะเศรษฐกิจและสังคมของครัวเรือน พ.ศ. 2554 - 2557 และจังหวัดเพชรบูรณ์  สำนักงานสถิติแห่งชาติ
67,เพชรบูรณ์           ,Phetchabun          ,1,ภาคเหนือ,2557,96,3.9,0.1,0.1,0,0,0,รายงานผลการสำรวจภาวะเศรษฐกิจและสังคมของครัวเรือน พ.ศ. 2554 - 2557 และจังหวัดเพชรบูรณ์  สำนักงานสถิติแห่งชาติ
67,เพชรบูรณ์           ,Phetchabun          ,1,ภาคเหนือ,2558,95.9,3.6,0.4,0.1,0,0,0,การสำรวจภาวะเศรษฐกิจและสังคมของครัวเรือนจังหวัดเพชรบูรณ์ พ.ศ. 2554 - 2558  สำนักงานสถิติแห่งชาติ
67,เพชรบูรณ์           ,Phetchabun          ,1,ภาคเหนือ,2559,93,6.4,0.4,0.3,0,0,0,การสำรวจภาวะเศรษฐกิจและสังคมของครัวเรือนจังหวัดเพชรบูรณ์ พ.ศ. 2555 -  2559  สำนักงานสถิติแห่งชาติ
70,ราชบุรี             ,Ratchaburi          ,6,ภาคตะวันตก,2554,87,11,0.9,0.4,0.2,0.5,0,รายงานผลการสำรวจภาวะเศรษฐกิจและสังคมของครัวเรือน พ.ศ. 2554 - 2557 และจังหวัดราชบุรี สำนักงานสถิติแห่งชาติ
70,ราชบุรี             ,Ratchaburi          ,6,ภาคตะวันตก,2555,82.7,11.4,3.5,0.8,0,1.7,0,รายงานผลการสำรวจภาวะเศรษฐกิจและสังคมของครัวเรือน พ.ศ. 2554 - 2557 และจังหวัดราชบุรี สำนักงานสถิติแห่งชาติ
70,ราชบุรี             ,Ratchaburi          ,6,ภาคตะวันตก,2556,84.5,11.9,3.3,0.4,0,0,0,รายงานผลการสำรวจภาวะเศรษฐกิจและสังคมของครัวเรือน พ.ศ. 2554 - 2557 และจังหวัดราชบุรี สำนักงานสถิติแห่งชาติ
70,ราชบุรี             ,Ratchaburi          ,6,ภาคตะวันตก,2557,80.2,14.2,3.8,0.3,1.6,0,0,รายงานผลการสำรวจภาวะเศรษฐกิจและสังคมของครัวเรือน พ.ศ. 2554 - 2557 และจังหวัดราชบุรี สำนักงานสถิติแห่งชาติ
70,ราชบุรี             ,Ratchaburi          ,6,ภาคตะวันตก,2558,82.7,15.4,1,0.1,0.3,0.4,0,การสำรวจภาวะเศรษฐกิจและสังคมของครัวเรือนจังหวัดiชบุรี พ.ศ. 2554 - 2558  สำนักงานสถิติแห่งชาติ
70,ราชบุรี             ,Ratchaburi          ,6,ภาคตะวันตก,2559,83.4,14.9,1,0.2,0.4,0.2,0,การสำรวจภาวะเศรษฐกิจและสังคมของครัวเรือนจังหวัดiชบุรี พ.ศ. 2555 - 2559  สำนักงานสถิติแห่งชาติ
71,กาญจนบุรี           ,Kanchanaburi        ,6,ภาคตะวันตก,2554,79.3,14.6,3.9,1.2,0.9,0.1,0.1,รายงานผลการสำรวจภาวะเศรษฐกิจและสังคมของครัวเรือน พ.ศ.2554 - 2557
71,กาญจนบุรี           ,Kanchanaburi        ,6,ภาคตะวันตก,2555,89.2,8.3,1.7,0.7,0.1,0,0,รายงานผลการสำรวจภาวะเศรษฐกิจและสังคมของครัวเรือน พ.ศ.2554 - 2558
71,กาญจนบุรี           ,Kanchanaburi        ,6,ภาคตะวันตก,2556,87.4,8.6,2.9,0.7,0.3,0.1,0,รายงานผลการสำรวจภาวะเศรษฐกิจและสังคมของครัวเรือน พ.ศ.2554 - 2559
71,กาญจนบุรี           ,Kanchanaburi        ,6,ภาคตะวันตก,2557,85.1,11.6,2.6,0.3,0.1,0.3,0,รายงานผลการสำรวจภาวะเศรษฐกิจและสังคมของครัวเรือน พ.ศ.2554 - 2560
71,กาญจนบุรี           ,Kanchanaburi        ,6,ภาคตะวันตก,2558,84.4,13.9,1.6,0,0.1,0,0,การสำรวจภาวะเศรษฐกิจและสังคมของครัวเรือนจังหวัดกาญจนบุรี พ.ศ. 2554 - 2558  สำนักงานสถิติแห่งชาติ
71,กาญจนบุรี           ,Kanchanaburi        ,6,ภาคตะวันตก,2559,84.4,13.9,1.6,0,0.1,0,0,การสำรวจภาวะเศรษฐกิจและสังคมของครัวเรือนจังหวัดกาญจนบุรี พ.ศ. 2555 - 2559  สำนักงานสถิติแห่งชาติ
72,สุพรรณบุรี          ,Suphan Buri         ,6,ภาคตะวันตก,2554,92.5,7.1,0.2,0.2,0,0,0,รายงานผลการสำรวจภาวะเศรษฐกิจและสังคมของครัวเรือน พ.ศ. 2554-2557 และจังหวัดสุพรรณบุรี สำนักงานสถิติแห่งชาติ
72,สุพรรณบุรี          ,Suphan Buri         ,6,ภาคตะวันตก,2555,95.2,4.1,0,0.4,0,0,0.3,รายงานผลการสำรวจภาวะเศรษฐกิจและสังคมของครัวเรือน พ.ศ. 2554-2557 และจังหวัดสุพรรณบุรี สำนักงานสถิติแห่งชาติ
72,สุพรรณบุรี          ,Suphan Buri         ,6,ภาคตะวันตก,2556,93.9,4.8,0.2,1.1,0,0,0,รายงานผลการสำรวจภาวะเศรษฐกิจและสังคมของครัวเรือน พ.ศ. 2554-2557 และจังหวัดสุพรรณบุรี สำนักงานสถิติแห่งชาติ
72,สุพรรณบุรี          ,Suphan Buri         ,6,ภาคตะวันตก,2557,90.9,8.8,0.1,0.1,0,0.1,0,รายงานผลการสำรวจภาวะเศรษฐกิจและสังคมของครัวเรือน พ.ศ. 2556-2558 และจังหวัดสุพรรณบุรี สำนักงานสถิติแห่งชาติ
72,สุพรรณบุรี          ,Suphan Buri         ,6,ภาคตะวันตก,2558,92.1,7.5,0.1,0.4,0,0,0,รายงานผลการสำรวจภาวะเศรษฐกิจและสังคมของครัวเรือน พ.ศ. 2556-2558 และจังหวัดสุพรรณบุรี สำนักงานสถิติแห่งชาติ
73,นครปฐม              ,Nakhon Pathom       ,6,ภาคตะวันตก,2552,60.2,29.3,9.2,1.3,0,0,0,รายงานผลการสำรวจภาวะเศรษฐกิจและสังคมของครัวเรือน พ.ศ. 2552 - 2556 จังหวัดนครปฐม  สำนักงานสถิติแห่งชาติ
73,นครปฐม              ,Nakhon Pathom       ,6,ภาคตะวันตก,2553,65.5,23.6,4,6.1,0.5,0.2,0,รายงานผลการสำรวจภาวะเศรษฐกิจและสังคมของครัวเรือน พ.ศ. 2552 - 2556 จังหวัดนครปฐม  สำนักงานสถิติแห่งชาติ
73,นครปฐม              ,Nakhon Pathom       ,6,ภาคตะวันตก,2554,62.6,26.6,3.8,6.5,0.4,0.1,0,รายงานผลการสำรวจภาวะเศรษฐกิจและสังคมของครัวเรือน พ.ศ. 2552 - 2556 จังหวัดนครปฐม  สำนักงานสถิติแห่งชาติ
73,นครปฐม              ,Nakhon Pathom       ,6,ภาคตะวันตก,2555,57.6,23.3,10.2,8.6,0.3,0,0,รายงานผลการสำรวจภาวะเศรษฐกิจและสังคมของครัวเรือน พ.ศ. 2552 - 2556 จังหวัดนครปฐม  สำนักงานสถิติแห่งชาติ
73,นครปฐม              ,Nakhon Pathom       ,6,ภาคตะวันตก,2556,57.6,24.2,8.4,9.3,0,0.5,0,รายงานผลการสำรวจภาวะเศรษฐกิจและสังคมของครัวเรือน พ.ศ. 2552 - 2556 จังหวัดนครปฐม  สำนักงานสถิติแห่งชาติ
73,นครปฐม              ,Nakhon Pathom       ,6,ภาคตะวันตก,2557,60.9,28.1,7.7,3.3,0,0,0,รายงานผลการสำรวจภาวะเศรษฐกิจและสังคมของครัวเรือน พ.ศ. 2554 - 2558 จังหวัดนครปฐม  สำนักงานสถิติแห่งชาติ
73,นครปฐม              ,Nakhon Pathom       ,6,ภาคตะวันตก,2558,55.7,26.4,12,5.9,0,0,0,รายงานผลการสำรวจภาวะเศรษฐกิจและสังคมของครัวเรือน พ.ศ. 2554 - 2558 จังหวัดนครปฐม  สำนักงานสถิติแห่งชาติ
75,สมุทรสงคราม         ,Samut Songkhram     ,6,ภาคตะวันตก,2553,87.5,11.4,0.3,0.4,0.2,0.1,0,การสำรวจภาวะเศรษฐกิจและสังคมของครัวเรือนจังหวัดสมุทรสงคราม พ.ศ. 2553 - 2557  สำนักงานสถิติแห่งชาติ
75,สมุทรสงคราม         ,Samut Songkhram     ,6,ภาคตะวันตก,2554,89.7,9.8,0.3,0.2,0,0,0,การสำรวจภาวะเศรษฐกิจและสังคมของครัวเรือนจังหวัดสมุทรสงคราม พ.ศ. 2553 - 2557  สำนักงานสถิติแห่งชาติ
75,สมุทรสงคราม         ,Samut Songkhram     ,6,ภาคตะวันตก,2555,82.1,14.9,2.4,0.6,0,0,0,การสำรวจภาวะเศรษฐกิจและสังคมของครัวเรือนจังหวัดสมุทรสงคราม พ.ศ. 2553 - 2557  สำนักงานสถิติแห่งชาติ
75,สมุทรสงคราม         ,Samut Songkhram     ,6,ภาคตะวันตก,2556,88,10.8,0.6,0.4,0,0,0.1,การสำรวจภาวะเศรษฐกิจและสังคมของครัวเรือนจังหวัดสมุทรสงคราม พ.ศ. 2553 - 2557  สำนักงานสถิติแห่งชาติ
75,สมุทรสงคราม         ,Samut Songkhram     ,6,ภาคตะวันตก,2557,87.4,10.2,1.4,0,0,1,0,การสำรวจภาวะเศรษฐกิจและสังคมของครัวเรือนจังหวัดสมุทรสงคราม พ.ศ. 2553 - 2557  สำนักงานสถิติแห่งชาติ
75,สมุทรสงคราม         ,Samut Songkhram     ,6,ภาคตะวันตก,2558,84.2,11.3,4,0,0,0.5,0,การสำรวจภาวะเศรษฐกิจและสังคมของครัวเรือนจังหวัดสมุทรสงคราม พ.ศ. 2554 - 2558  สำนักงานสถิติแห่งชาติ
75,สมุทรสงคราม         ,Samut Songkhram     ,6,ภาคตะวันตก,2559,89,9.3,1,0.6,0,0.1,0,การสำรวจภาวะเศรษฐกิจและสังคมของครัวเรือนจังหวัดสมุทรสงคราม พ.ศ. 2555 - 2559  สำนักงานสถิติแห่งชาติ
76,เพชรบุรี            ,Phetchaburi         ,6,ภาคตะวันตก,2550,93.6,4.7,1.2,0.3,0,0.2,0,"การสำรวจภาวะเศรษฐกิจและสังคมของครัวเรือนจังหวัดเพชรบุรี พ.ศ. 2550,2552,2554,2556,2558  สำนักงานสถิติแห่งชาติ"
76,เพชรบุรี            ,Phetchaburi         ,6,ภาคตะวันตก,2552,91.9,5.9,2.1,0.1,0,0,0,"การสำรวจภาวะเศรษฐกิจและสังคมของครัวเรือนจังหวัดเพชรบุรี พ.ศ. 2550,2552,2554,2556,2558  สำนักงานสถิติแห่งชาติ"
76,เพชรบุรี            ,Phetchaburi         ,6,ภาคตะวันตก,2554,86.8,10.2,2.1,0.6,0,0.3,0,"การสำรวจภาวะเศรษฐกิจและสังคมของครัวเรือนจังหวัดเพชรบุรี พ.ศ. 2550,2552,2554,2556,2558  สำนักงานสถิติแห่งชาติ"
76,เพชรบุรี            ,Phetchaburi         ,6,ภาคตะวันตก,2556,87.7,7.8,2.3,2,0.1,0,0,"การสำรวจภาวะเศรษฐกิจและสังคมของครัวเรือนจังหวัดเพชรบุรี พ.ศ. 2550,2552,2554,2556,2558  สำนักงานสถิติแห่งชาติ"
76,เพชรบุรี            ,Phetchaburi         ,6,ภาคตะวันตก,2558,89.2,8.8,0.9,1.1,0,0,0,"การสำรวจภาวะเศรษฐกิจและสังคมของครัวเรือนจังหวัดเพชรบุรี พ.ศ. 2550,2552,2554,2556,2558  สำนักงานสถิติแห่งชาติ"
77,ประจวบคีรีขันธ์     ,Prachuap Khiri Khan ,6,ภาคตะวันตก,2555,72.6,21,4.2,0.6,0.5,1,0,รายงานผลการสำรวจภาวะเศรษฐกิจและสังคมของครัวเรือน พ.ศ. 2554 - 2558 และจังหวัดประจวบคีรีขันธ์  สำนักงานสถิติแห่งชาติ
77,ประจวบคีรีขันธ์     ,Prachuap Khiri Khan ,6,ภาคตะวันตก,2556,77.7,15.8,5,1.1,0.3,0,0.1,รายงานผลการสำรวจภาวะเศรษฐกิจและสังคมของครัวเรือน พ.ศ. 2554 - 2558 และจังหวัดประจวบคีรีขันธ์  สำนักงานสถิติแห่งชาติ
77,ประจวบคีรีขันธ์     ,Prachuap Khiri Khan ,6,ภาคตะวันตก,2557,83.2,13.1,2.4,0,0.4,0.9,0,รายงานผลการสำรวจภาวะเศรษฐกิจและสังคมของครัวเรือน พ.ศ. 2554 - 2558 และจังหวัดประจวบคีรีขันธ์  สำนักงานสถิติแห่งชาติ
77,ประจวบคีรีขันธ์     ,Prachuap Khiri Khan ,6,ภาคตะวันตก,2558,81.4,15.6,1.9,0.5,0.4,0.2,0,รายงานผลการสำรวจภาวะเศรษฐกิจและสังคมของครัวเรือน พ.ศ. 2554 - 2558 และจังหวัดประจวบคีรีขันธ์  สำนักงานสถิติแห่งชาติ
77,ประจวบคีรีขันธ์     ,Prachuap Khiri Khan ,6,ภาคตะวันตก,2559,83,15.6,0.4,0.8,0,0.2,0,รายงานผลการสำรวจภาวะเศรษฐกิจและสังคมของครัวเรือน พ.ศ. 2554 - 2558 และจังหวัดประจวบคีรีขันธ์  สำนักงานสถิติแห่งชาติ
81,กระบี่              ,Krabi               ,4,ภาคใต้,2553,80.3,16.4,2.8,0.1,0.4,0,0,การสำรวจภาวะเศรษฐกิจและสังคมของครัวเรือนจังหวัดกระบี่ พ.ศ. 2553 - 2557  สำนักงานสถิติแห่งชาติ
81,กระบี่              ,Krabi               ,4,ภาคใต้,2554,84.5,15,0.3,0.1,0,0,0,การสำรวจภาวะเศรษฐกิจและสังคมของครัวเรือนจังหวัดกระบี่ พ.ศ. 2553 - 2557  สำนักงานสถิติแห่งชาติ
81,กระบี่              ,Krabi               ,4,ภาคใต้,2555,79.1,19.4,1.1,0.4,0,0,0,การสำรวจภาวะเศรษฐกิจและสังคมของครัวเรือนจังหวัดกระบี่ พ.ศ. 2553 - 2557  สำนักงานสถิติแห่งชาติ
81,กระบี่              ,Krabi               ,4,ภาคใต้,2556,84.4,14.5,0.6,0.4,0,0.1,0,การสำรวจภาวะเศรษฐกิจและสังคมของครัวเรือนจังหวัดกระบี่ พ.ศ. 2553 - 2557  สำนักงานสถิติแห่งชาติ
81,กระบี่              ,Krabi               ,4,ภาคใต้,2557,80,16.6,1.8,0.1,0.1,1.4,0,การสำรวจภาวะเศรษฐกิจและสังคมของครัวเรือนจังหวัดกระบี่ พ.ศ. 2553 - 2557  สำนักงานสถิติแห่งชาติ
82,พังงา               ,Phang-nga           ,4,ภาคใต้,2554,87,11.7,0.9,0.4,0,0,0,รายงานผลการสำรวจภาวะเศรษฐกิจและสังคมของครัวเรือน พ.ศ. 2554  -2557  และจังหวัด พังงา สำนักงานสถิติแห่งชาติ
82,พังงา               ,Phang-nga           ,4,ภาคใต้,2555,82.3,15.1,2.3,0.2,0,0.1,0,รายงานผลการสำรวจภาวะเศรษฐกิจและสังคมของครัวเรือน พ.ศ. 2554  -2557  และจังหวัด พังงา สำนักงานสถิติแห่งชาติ
82,พังงา               ,Phang-nga           ,4,ภาคใต้,2556,78.4,17.9,3.6,0,0,0,0,รายงานผลการสำรวจภาวะเศรษฐกิจและสังคมของครัวเรือน พ.ศ. 2554  -2557  และจังหวัด พังงา สำนักงานสถิติแห่งชาติ
82,พังงา               ,Phang-nga           ,4,ภาคใต้,2557,83.1,14.1,2.7,0.1,0,0,0,รายงานผลการสำรวจภาวะเศรษฐกิจและสังคมของครัวเรือน พ.ศ. 2554  -2557  และจังหวัด พังงา สำนักงานสถิติแห่งชาติ
82,พังงา               ,Phang-nga           ,4,ภาคใต้,2558,86.4,12.3,1.3,0,0,0,0,การสำรวจภาวะเศรษฐกิจและสังคมของครัวเรือนจังหวัดพังงา พ.ศ. 2554 -  2558 สำนักงานสถิติแห่งชาติ
82,พังงา               ,Phang-nga           ,4,ภาคใต้,2559,86.9,9.8,2,0.4,0,1,0,การสำรวจภาวะเศรษฐกิจและสังคมของครัวเรือนจังหวัดพังงา พ.ศ. 2555 -  2559  สำนักงานสถิติแห่งชาติ
84,สุราษฎร์ธานี        ,Surat Thani         ,4,ภาคใต้,2552,79.9,15.4,3.6,1.1,0,0,0,การสำรวจภาวะเศรษฐกิจและสังคมของครัวเรือนจังหวัดสุราษฎร์ธานี พ.ศ.2552 - 2557  สำนักงานสถิติแห่งชาติ
84,สุราษฎร์ธานี        ,Surat Thani         ,4,ภาคใต้,2554,74.8,21.3,3.6,0.3,0,0,0,การสำรวจภาวะเศรษฐกิจและสังคมของครัวเรือนจังหวัดสุราษฎร์ธานี พ.ศ.2552 - 2557  สำนักงานสถิติแห่งชาติ
84,สุราษฎร์ธานี        ,Surat Thani         ,4,ภาคใต้,2555,78.8,15,4.9,0.4,0,1,0,การสำรวจภาวะเศรษฐกิจและสังคมของครัวเรือนจังหวัดสุราษฎร์ธานี พ.ศ.2552 - 2557  สำนักงานสถิติแห่งชาติ
84,สุราษฎร์ธานี        ,Surat Thani         ,4,ภาคใต้,2556,77.1,17.4,4.2,1.1,0,0.2,0,การสำรวจภาวะเศรษฐกิจและสังคมของครัวเรือนจังหวัดสุราษฎร์ธานี พ.ศ.2552 - 2557  สำนักงานสถิติแห่งชาติ
84,สุราษฎร์ธานี        ,Surat Thani         ,4,ภาคใต้,2557,76.9,16.3,6.3,0.6,0,0,0,การสำรวจภาวะเศรษฐกิจและสังคมของครัวเรือนจังหวัดสุราษฎร์ธานี พ.ศ.2552 - 2557  สำนักงานสถิติแห่งชาติ
85,ระนอง               ,Ranong              ,4,ภาคใต้,2553,86.6,11.1,2.1,0.2,0,0,0,รายงานผลการสำรวจภาวะเศรษฐกิจและสังคมของครัวเรือน พ.ศ. 2553 - 2557  จังหวัดระนอง  สำนักงานสถิติแห่งชาติ
85,ระนอง               ,Ranong              ,4,ภาคใต้,2554,87.9,8.7,3.5,0,0,0,0,รายงานผลการสำรวจภาวะเศรษฐกิจและสังคมของครัวเรือน พ.ศ. 2553 - 2557  จังหวัดระนอง  สำนักงานสถิติแห่งชาติ
85,ระนอง               ,Ranong              ,4,ภาคใต้,2555,90.7,8.8,0.4,0,0,0,0,รายงานผลการสำรวจภาวะเศรษฐกิจและสังคมของครัวเรือน พ.ศ. 2553 - 2557  จังหวัดระนอง  สำนักงานสถิติแห่งชาติ
85,ระนอง               ,Ranong              ,4,ภาคใต้,2556,87.7,11.5,0.7,0,0,0,0,รายงานผลการสำรวจภาวะเศรษฐกิจและสังคมของครัวเรือน พ.ศ. 2553 - 2557  จังหวัดระนอง  สำนักงานสถิติแห่งชาติ
85,ระนอง               ,Ranong              ,4,ภาคใต้,2557,74.8,24.5,0.7,0,0,0,0,รายงานผลการสำรวจภาวะเศรษฐกิจและสังคมของครัวเรือน พ.ศ. 2553 - 2557  จังหวัดระนอง  สำนักงานสถิติแห่งชาติ
85,ระนอง               ,Ranong              ,4,ภาคใต้,2558,76,23.6,0.5,0,0,0,0,การสำรวจภาวะเศรษฐกิจและสังคมของครัวเรือนจังหวัดระนอง พ.ศ. 2554 - 2558  สำนักงานสถิติแห่งชาติ
85,ระนอง               ,Ranong              ,4,ภาคใต้,2559,73.9,23.5,1.7,1,0,0,0,การสำรวจภาวะเศรษฐกิจและสังคมของครัวเรือนจังหวัดระนอง พ.ศ. 2555 - 2559  สำนักงานสถิติแห่งชาติ
86,ชุมพร               ,Chumphon            ,4,ภาคใต้,2556,80.3,17.6,0.4,1,0.2,0.5,0,การสำรวจภาวะเศรษฐกิจและสังคมของครัวเรือนจังหวัดชุมพร พ.ศ. 2556 - 2559  สำนักงานสถิติแห่งชาติ
86,ชุมพร               ,Chumphon            ,4,ภาคใต้,2557,83.8,13.8,2.3,0.1,0,0,0,การสำรวจภาวะเศรษฐกิจและสังคมของครัวเรือนจังหวัดชุมพร พ.ศ. 2556 - 2559  สำนักงานสถิติแห่งชาติ
86,ชุมพร               ,Chumphon            ,4,ภาคใต้,2558,84.5,11.5,3.9,0,0.1,0,0,การสำรวจภาวะเศรษฐกิจและสังคมของครัวเรือนจังหวัดชุมพร พ.ศ. 2556 - 2559  สำนักงานสถิติแห่งชาติ
86,ชุมพร               ,Chumphon            ,4,ภาคใต้,2559,87.6,11.4,0.7,0.3,0,0,0,การสำรวจภาวะเศรษฐกิจและสังคมของครัวเรือนจังหวัดชุมพร พ.ศ. 2556 - 2559  สำนักงานสถิติแห่งชาติ
91,สตูล                ,Satun               ,4,ภาคใต้,2553,83.6,15.5,0.9,0,0,0.1,0,รายงานผลการสำรวจภาวะเศรษฐกิจและสังคมของครัวเรือน พ.ศ. 2553 - 2557 และจังหวัดสตูล  สำนักงานสถิติแห่งชาติ
91,สตูล                ,Satun               ,4,ภาคใต้,2554,85.8,13.1,1.1,0,0,0,0,รายงานผลการสำรวจภาวะเศรษฐกิจและสังคมของครัวเรือน พ.ศ. 2553 - 2557 และจังหวัดสตูล  สำนักงานสถิติแห่งชาติ
91,สตูล                ,Satun               ,4,ภาคใต้,2555,82.8,13.5,2.4,1.4,0,0,0,รายงานผลการสำรวจภาวะเศรษฐกิจและสังคมของครัวเรือน พ.ศ. 2553 - 2557 และจังหวัดสตูล  สำนักงานสถิติแห่งชาติ
91,สตูล                ,Satun               ,4,ภาคใต้,2556,85.4,13.2,0.5,0.9,0,0,0,รายงานผลการสำรวจภาวะเศรษฐกิจและสังคมของครัวเรือน พ.ศ. 2553 - 2557 และจังหวัดสตูล  สำนักงานสถิติแห่งชาติ
91,สตูล                ,Satun               ,4,ภาคใต้,2557,87.2,10.8,1.8,0.2,0,0,0,รายงานผลการสำรวจภาวะเศรษฐกิจและสังคมของครัวเรือน พ.ศ. 2553 - 2557 และจังหวัดสตูล  สำนักงานสถิติแห่งชาติ
91,สตูล                ,Satun               ,4,ภาคใต้,2558,87.2,9.7,2.7,0.4,0,0,0,การสำรวจภาวะเศรษฐกิจและสังคมของครัวเรือนจังหวัดสตูล พ.ศ. 2554 - 2558  สำนักงานสถิติแห่งชาติ
92,ตรัง                ,Trang               ,4,ภาคใต้,2552,86.5,11.4,1.3,0.8,0.1,0,0,การสำรวจภาวะเศรษฐกิจและสังคมของครัวเรือนจังหวัดตรัง  พ.ศ. 2552 -  2556  สำนักงานสถิติแห่งชาติ
92,ตรัง                ,Trang               ,4,ภาคใต้,2553,78.7,17.8,1.3,0.9,0.7,0.1,0.5,การสำรวจภาวะเศรษฐกิจและสังคมของครัวเรือนจังหวัดตรัง  พ.ศ. 2552 -  2556  สำนักงานสถิติแห่งชาติ
92,ตรัง                ,Trang               ,4,ภาคใต้,2554,78.3,18.5,2.2,0.2,0.8,0,0,การสำรวจภาวะเศรษฐกิจและสังคมของครัวเรือนจังหวัดตรัง  พ.ศ. 2552 -  2556  สำนักงานสถิติแห่งชาติ
92,ตรัง                ,Trang               ,4,ภาคใต้,2555,75.1,21.2,1.3,2,0.1,0.3,0,การสำรวจภาวะเศรษฐกิจและสังคมของครัวเรือนจังหวัดตรัง  พ.ศ. 2552 -  2556  สำนักงานสถิติแห่งชาติ
92,ตรัง                ,Trang               ,4,ภาคใต้,2556,75.7,20.3,1.4,1.9,0.1,0.6,0,การสำรวจภาวะเศรษฐกิจและสังคมของครัวเรือนจังหวัดตรัง  พ.ศ. 2552 -  2556  สำนักงานสถิติแห่งชาติ
92,ตรัง                ,Trang               ,4,ภาคใต้,2557,84.3,13.7,1.6,0.2,0.1,0.1,0,การสำรวจภาวะเศรษฐกิจและสังคมของครัวเรือนจังหวัดตรัง  พ.ศ. 2552 -  2556  สำนักงานสถิติแห่งชาติ
92,ตรัง                ,Trang               ,4,ภาคใต้,2558,85.6,12.6,1.6,0.2,0.1,0,0,การสำรวจภาวะเศรษฐกิจและสังคมของครัวเรือนจังหวัด ตรัง พ.ศ. 2553 - 2558  สำนักงานสถิติแห่งชาติ
92,ตรัง                ,Trang               ,4,ภาคใต้,2559,85.5,12.7,1.3,0.4,0.1,0,0,การสำรวจภาวะเศรษฐกิจและสังคมของครัวเรือนจังหวัดตรัง พ.ศ. 2555 -  2559  สำนักงานสถิติแห่งชาติ
93,พัทลุง              ,Phatthalung         ,4,ภาคใต้,2554,89.2,9.7,0.5,0.4,0.1,0,0.1,การสำรวจภาวะเศรษฐกิจและสังคมของครัวเรือนจังหวัดพัทลุง พ.ศ. 2554 - 2558  สำนักงานสถิติแห่งชาติ
93,พัทลุง              ,Phatthalung         ,4,ภาคใต้,2555,96.6,2.9,0.2,0,0,0,0,การสำรวจภาวะเศรษฐกิจและสังคมของครัวเรือนจังหวัดพัทลุง พ.ศ. 2554 - 2558  สำนักงานสถิติแห่งชาติ
93,พัทลุง              ,Phatthalung         ,4,ภาคใต้,2556,98.1,1.8,0.1,0,0,0,0,การสำรวจภาวะเศรษฐกิจและสังคมของครัวเรือนจังหวัดพัทลุง พ.ศ. 2554 - 2558  สำนักงานสถิติแห่งชาติ
93,พัทลุง              ,Phatthalung         ,4,ภาคใต้,2557,95,4.4,0.3,0.2,0,0.2,0,การสำรวจภาวะเศรษฐกิจและสังคมของครัวเรือนจังหวัดพัทลุง พ.ศ. 2554 - 2558  สำนักงานสถิติแห่งชาติ
93,พัทลุง              ,Phatthalung         ,4,ภาคใต้,2558,96.1,3.6,0.3,0,0,0,0,การสำรวจภาวะเศรษฐกิจและสังคมของครัวเรือนจังหวัดพัทลุง พ.ศ. 2554 - 2558  สำนักงานสถิติแห่งชาติ
94,ปัตตานี             ,Pattani             ,4,ภาคใต้,2554,86.2,12.9,0,0.5,0.4,0,0,รายงานผลการสำรวจภาวะเศรษฐกิจและสังคมของครัวเรือนจังหวัดปัตตานี  สำนักงานสถิติแห่งชาติ
94,ปัตตานี             ,Pattani             ,4,ภาคใต้,2555,78.1,20.8,0.1,0.9,0.2,0,0,รายงานผลการสำรวจภาวะเศรษฐกิจและสังคมของครัวเรือนจังหวัดปัตตานี  สำนักงานสถิติแห่งชาติ
94,ปัตตานี             ,Pattani             ,4,ภาคใต้,2556,81.5,17.8,0.2,0.5,0,0,0,รายงานผลการสำรวจภาวะเศรษฐกิจและสังคมของครัวเรือนจังหวัดปัตตานี  สำนักงานสถิติแห่งชาติ
94,ปัตตานี             ,Pattani             ,4,ภาคใต้,2557,80.6,18.8,0.1,0,0.5,0,0,รายงานผลการสำรวจภาวะเศรษฐกิจและสังคมของครัวเรือนจังหวัดปัตตานี  สำนักงานสถิติแห่งชาติ
94,ปัตตานี             ,Pattani             ,4,ภาคใต้,2558,80.2,19.3,0.4,0,0.1,0,0,การสำรวจภาวะเศรษฐกิจและสังคมของครัวเรือนจังหวัดปัตตานี พ.ศ. 2554 - 2558  สำนักงานสถิติแห่งชาติ
94,ปัตตานี             ,Pattani             ,4,ภาคใต้,2559,87.3,12,0.1,0.6,0,0,0,การสำรวจภาวะเศรษฐกิจและสังคมของครัวเรือนจังหวัดปัตตานี พ.ศ. 2555 - 2559  สำนักงานสถิติแห่งชาติ
95,ยะลา                ,Yala                ,4,ภาคใต้,2554,66.8,29.7,2.2,0.2,0.9,0.2,0,การสำรวจภาวะเศรษฐกิจและสังคมของครัวเรือนจังหวัดยะลา พ.ศ. 2554 - 2558  สำนักงานสถิติแห่งชาติ
95,ยะลา                ,Yala                ,4,ภาคใต้,2555,72.8,23.5,1.2,0,0.2,0,2.3,การสำรวจภาวะเศรษฐกิจและสังคมของครัวเรือนจังหวัดยะลา พ.ศ. 2554 - 2558  สำนักงานสถิติแห่งชาติ
95,ยะลา                ,Yala                ,4,ภาคใต้,2556,76.2,20.8,1.2,0,1.8,0,0,การสำรวจภาวะเศรษฐกิจและสังคมของครัวเรือนจังหวัดยะลา พ.ศ. 2554 - 2558  สำนักงานสถิติแห่งชาติ
95,ยะลา                ,Yala                ,4,ภาคใต้,2557,74.7,23.6,0.8,0.9,0,0,0,การสำรวจภาวะเศรษฐกิจและสังคมของครัวเรือนจังหวัดยะลา พ.ศ. 2554 - 2558  สำนักงานสถิติแห่งชาติ
95,ยะลา                ,Yala                ,4,ภาคใต้,2558,72.6,25.3,1.6,0.5,0,0,0,การสำรวจภาวะเศรษฐกิจและสังคมของครัวเรือนจังหวัดยะลา พ.ศ. 2554 - 2558  สำนักงานสถิติแห่งชาติ
95,ยะลา                ,Yala                ,4,ภาคใต้,2559,71.8,25.2,2.3,0.8,0,0,0,การสำรวจภาวะเศรษฐกิจและสังคมของครัวเรือนจังหวัดยะลา พ.ศ. 2555 - 2559 สำนักงานสถิติแห่งชาติ
96,นราธิวาส            ,Narathiwat          ,4,ภาคใต้,2554,88.8,10.7,0.2,0.2,0,0.1,0,รายงานผลการสำรวจภาวะเศรษฐกิจและสังคมของครัวเรือน พ.ศ. 2557 และจังหวัดนราธิวาส สำนักงานสถิติแห่งชาติ
96,นราธิวาส            ,Narathiwat          ,4,ภาคใต้,2555,91,8.6,0,0,0.4,0,0,รายงานผลการสำรวจภาวะเศรษฐกิจและสังคมของครัวเรือน พ.ศ. 2557 และจังหวัดนราธิวาส สำนักงานสถิติแห่งชาติ
96,นราธิวาส            ,Narathiwat          ,4,ภาคใต้,2556,92.8,6.7,0.2,0.3,0,0,0,รายงานผลการสำรวจภาวะเศรษฐกิจและสังคมของครัวเรือน พ.ศ. 2557 และจังหวัดนราธิวาส สำนักงานสถิติแห่งชาติ
96,นราธิวาส            ,Narathiwat          ,4,ภาคใต้,2557,86.8,10.3,0.5,2.5,0,0,0,รายงานผลการสำรวจภาวะเศรษฐกิจและสังคมของครัวเรือน พ.ศ. 2557 และจังหวัดนราธิวาส สำนักงานสถิติแห่งชาติ
96,นราธิวาส            ,Narathiwat          ,4,ภาคใต้,2558,91.1,6.9,0.3,1.6,0,0,0,การสำรวจภาวะเศรษฐกิจและสังคมของครัวเรือนจังหวัดนราธิวาส พ.ศ. 2555 - 2559 สำนักงานสถิติแห่งชาติ
96,นราธิวาส            ,Narathiwat          ,4,ภาคใต้,2559,90.8,8.5,0.3,0.1,0.3,0,0,การสำรวจภาวะเศรษฐกิจและสังคมของครัวเรือนจังหวัดนราธิวาส พ.ศ. 2555 - 2559 สำนักงานสถิติแห่งชาติ
19,สระบุรี             ,Saraburi            ,3,ภาคกลาง,2554,81.1,15,2.7,0.2,0.3,0.7,0,รายงานผลการสำรวจภาวะเศรษฐกิจและสังคมของครัวเรือน พ.ศ. 2554 - 2557 จังหวัดสระบุรี  สำนักงานสถิติแห่งชาติ
19,สระบุรี             ,Saraburi            ,3,ภาคกลาง,2555,67.1,21,11.4,0.1,0.2,0.1,0,รายงานผลการสำรวจภาวะเศรษฐกิจและสังคมของครัวเรือน พ.ศ. 2554 - 2557 จังหวัดสระบุรี  สำนักงานสถิติแห่งชาติ
19,สระบุรี             ,Saraburi            ,3,ภาคกลาง,2556,72.6,16.4,10.5,0.4,0.2,0,0,รายงานผลการสำรวจภาวะเศรษฐกิจและสังคมของครัวเรือน พ.ศ. 2554 - 2557 จังหวัดสระบุรี  สำนักงานสถิติแห่งชาติ
19,สระบุรี             ,Saraburi            ,3,ภาคกลาง,2557,73.17,19.16,6.64,0.6,0.39,0,0,รายงานผลการสำรวจภาวะเศรษฐกิจและสังคมของครัวเรือน พ.ศ. 2554 - 2557 จังหวัดสระบุรี  สำนักงานสถิติแห่งชาติ
19,สระบุรี             ,Saraburi            ,3,ภาคกลาง,2558,79.3,15.3,4.6,0.8,0,0,0,รายงานผลการสำรวจภาวะเศรษฐกิจและสังคมของครัวเรือน พ.ศ. 2554 - 2558 จังหวัดสระบุรี  สำนักงานสถิติแห่งชาติ
19,สระบุรี             ,Saraburi            ,3,ภาคกลาง,2559,80.6,15.7,2.9,0.8,0,0,0,การสำรวจภาวะเศรษฐกิจและสังคมของครัวเรือนจังหวัดสระบุรี พ.ศ. 2555 - 2559  สำนักงานสถิติแห่งชาติ
21,ระยอง               ,Rayong              ,5,ภาคตะวันออก,2554,65.1,33.2,1.4,0,0,0.1,0.2,รายงานผลการสำรวจภาวะเศรษฐกิจและสังคมของครัวเรือน พ.ศ. 2554 - 2557 และจังหวัดระยอง  สำนักงานสถิติแห่งชาติ
21,ระยอง               ,Rayong              ,5,ภาคตะวันออก,2555,48.3,39.5,10.2,1.9,0,0.2,0,รายงานผลการสำรวจภาวะเศรษฐกิจและสังคมของครัวเรือน พ.ศ. 2554 - 2557 และจังหวัดระยอง  สำนักงานสถิติแห่งชาติ
21,ระยอง               ,Rayong              ,5,ภาคตะวันออก,2556,46.4,42.2,10.2,0.8,0,0.3,0,รายงานผลการสำรวจภาวะเศรษฐกิจและสังคมของครัวเรือน พ.ศ. 2554 - 2557 และจังหวัดระยอง  สำนักงานสถิติแห่งชาติ
21,ระยอง               ,Rayong              ,5,ภาคตะวันออก,2557,68.2,30.2,1.4,0.2,0,0,0,รายงานผลการสำรวจภาวะเศรษฐกิจและสังคมของครัวเรือน พ.ศ. 2554 - 2557 และจังหวัดระยอง  สำนักงานสถิติแห่งชาติ
21,ระยอง               ,Rayong              ,5,ภาคตะวันออก,2558,66.6,27.4,5.6,0,0,0.4,0,รายงานผลการสำรวจภาวะเศรษฐกิจและสังคมของครัวเรือน พ.ศ. 2555 - 2558 และจังหวัดระยอง  สำนักงานสถิติแห่งชาติ
21,ระยอง               ,Rayong              ,5,ภาคตะวันออก,2559,57.58,39.03,2.35,1.04,0,0,0,การสำรวจภาวะเศรษฐกิจและสังคมของครัวเรือนจังหวัดระยอง พ.ศ. 2555 - 2559  สำนักงานสถิติแห่งชาติ
30,นครราชสีมา          ,Nakhon Ratchasima   ,2,ภาคตะวันออกเฉียงเหนือ,2553,91.9,7.1,0.9,0.1,0,0,0,การสำรวจภาวะเศรษฐกิจและสังคมของครัวเรือนจังหวัดนครราชสีมา พ.ศ. 2553  -  2557 สำนักงานสถิติแห่งชาติ
30,นครราชสีมา          ,Nakhon Ratchasima   ,2,ภาคตะวันออกเฉียงเหนือ,2554,89.4,8.9,1.2,0.2,0.1,0.1,0,การสำรวจภาวะเศรษฐกิจและสังคมของครัวเรือนจังหวัดนครราชสีมา พ.ศ. 2553  -  2557 สำนักงานสถิติแห่งชาติ
30,นครราชสีมา          ,Nakhon Ratchasima   ,2,ภาคตะวันออกเฉียงเหนือ,2555,88.23,6.6,2.6,2.48,0.09,0,0,การสำรวจภาวะเศรษฐกิจและสังคมของครัวเรือนจังหวัดนครราชสีมา พ.ศ. 2553  -  2557 สำนักงานสถิติแห่งชาติ
30,นครราชสีมา          ,Nakhon Ratchasima   ,2,ภาคตะวันออกเฉียงเหนือ,2556,88.23,6.6,2.6,2.48,0.09,0,0,การสำรวจภาวะเศรษฐกิจและสังคมของครัวเรือนจังหวัดนครราชสีมา พ.ศ. 2553  -  2557 สำนักงานสถิติแห่งชาติ
30,นครราชสีมา          ,Nakhon Ratchasima   ,2,ภาคตะวันออกเฉียงเหนือ,2557,88.7,8.1,0.9,2.3,0,0,0,การสำรวจภาวะเศรษฐกิจและสังคมของครัวเรือนจังหวัดนครราชสีมา พ.ศ. 2553  -  2557 สำนักงานสถิติแห่งชาติ
30,นครราชสีมา          ,Nakhon Ratchasima   ,2,ภาคตะวันออกเฉียงเหนือ,2558,91.22,6.12,2.1,0.53,0.1,0,0,การสำรวจภาวะเศรษฐกิจและสังคมของครัวเรือนจังหวัดนครราชสีมา พ.ศ. 2554 - 2558 สำนักงานสถิติแห่งชาติ
30,นครราชสีมา          ,Nakhon Ratchasima   ,2,ภาคตะวันออกเฉียงเหนือ,2559,86.62,8.62,1.05,3.66,0,0,0,การสำรวจภาวะเศรษฐกิจและสังคมของครัวเรือนจังหวัดนครราชสีมา พ.ศ. 2555 - 2559 สำนักงานสถิติแห่งชาติ
34,อุบลราชธานี         ,Ubon Ratchathani    ,2,ภาคตะวันออกเฉียงเหนือ,2554,96.3,3.4,0.2,0,0,0,0,รายงานผลการสำรวจภาวะเศรษฐกิจและสังคมของครัวเรือน พ.ศ. 2552 - 2555  และจังหวัดอุบลราชธานี  สำนักงานสถิติแห่งชาติ
34,อุบลราชธานี         ,Ubon Ratchathani    ,2,ภาคตะวันออกเฉียงเหนือ,2555,93.9,4.2,0.5,1.2,0.1,0,0,รายงานผลการสำรวจภาวะเศรษฐกิจและสังคมของครัวเรือน พ.ศ. 2552 - 2555  และจังหวัดอุบลราชธานี  สำนักงานสถิติแห่งชาติ
34,อุบลราชธานี         ,Ubon Ratchathani    ,2,ภาคตะวันออกเฉียงเหนือ,2556,94.6,3.4,0.4,1.5,0.1,0,0,รายงานผลการสำรวจภาวะเศรษฐกิจและสังคมของครัวเรือน พ.ศ. 2552 - 2555  และจังหวัดอุบลราชธานี  สำนักงานสถิติแห่งชาติ
34,อุบลราชธานี         ,Ubon Ratchathani    ,2,ภาคตะวันออกเฉียงเหนือ,2557,93.95,5.49,0.07,0.42,0.08,0,0,รายงานผลการสำรวจภาวะเศรษฐกิจและสังคมของครัวเรือน พ.ศ. 2552 - 2555  และจังหวัดอุบลราชธานี  สำนักงานสถิติแห่งชาติ
34,อุบลราชธานี         ,Ubon Ratchathani    ,2,ภาคตะวันออกเฉียงเหนือ,2558,95,4.4,0.4,0.2,0,0,0,การสำรวจภาวะเศรษฐกิจและสังคมของครัวเรือนจังหวัดอุบลราชธานี พ.ศ. 2554 - 2558  สำนักงานสถิติแห่งชาติ
34,อุบลราชธานี         ,Ubon Ratchathani    ,2,ภาคตะวันออกเฉียงเหนือ,2559,93.12,4.54,0,2.26,0,0.08,0,การสำรวจภาวะเศรษฐกิจและสังคมของครัวเรือนจังหวัดอุบลราชธานี พ.ศ. 2555 - 2559  สำนักงานสถิติแห่งชาติ
40,ขอนแก่น             ,Khon Kaen           ,2,ภาคตะวันออกเฉียงเหนือ,2554,90.7,7.1,1.3,0.8,0.2,0,0,การสำรวจภาวะเศรษฐกิจและสังคมของครัวเรือน พ.ศ. 2554 - 2558 จังหวัดขอนแก่น  สำนักงานสถิติแห่งชาติ
40,ขอนแก่น             ,Khon Kaen           ,2,ภาคตะวันออกเฉียงเหนือ,2555,87.81,5.9,0.94,5.35,0,0,0,การสำรวจภาวะเศรษฐกิจและสังคมของครัวเรือน พ.ศ. 2555 - 2559 จังหวัดขอนแก่น  สำนักงานสถิติแห่งชาติ
40,ขอนแก่น             ,Khon Kaen           ,2,ภาคตะวันออกเฉียงเหนือ,2556,88.6,5.2,1.3,4.9,0,0,0,การสำรวจภาวะเศรษฐกิจและสังคมของครัวเรือน พ.ศ. 2555 - 2559 จังหวัดขอนแก่น  สำนักงานสถิติแห่งชาติ
40,ขอนแก่น             ,Khon Kaen           ,2,ภาคตะวันออกเฉียงเหนือ,2557,86.06,9.55,3.54,0.85,0,0,0,การสำรวจภาวะเศรษฐกิจและสังคมของครัวเรือน พ.ศ. 2555 - 2559 จังหวัดขอนแก่น  สำนักงานสถิติแห่งชาติ
40,ขอนแก่น             ,Khon Kaen           ,2,ภาคตะวันออกเฉียงเหนือ,2558,88.9,7.2,2.4,1.5,0,0,0,การสำรวจภาวะเศรษฐกิจและสังคมของครัวเรือน พ.ศ. 2555 - 2559 จังหวัดขอนแก่น  สำนักงานสถิติแห่งชาติ
40,ขอนแก่น             ,Khon Kaen           ,2,ภาคตะวันออกเฉียงเหนือ,2559,83.17,9.96,1.91,4.97,0,0,0,การสำรวจภาวะเศรษฐกิจและสังคมของครัวเรือน พ.ศ. 2555 - 2559 จังหวัดขอนแก่น  สำนักงานสถิติแห่งชาติ
41,อุดรธานี            ,Udon Thani          ,2,ภาคตะวันออกเฉียงเหนือ,2553,94,4.5,1.1,0.3,0,0,0.1,การสำรวจภาวะเศรษฐกิจและสังคมของครัวเรือนจังหวัดอุดรธานี พ.ศ. 2553 -  2557  สำนักงานสถิติแห่งชาติ
41,อุดรธานี            ,Udon Thani          ,2,ภาคตะวันออกเฉียงเหนือ,2554,93.5,5.2,0.7,0.6,0,0,0,การสำรวจภาวะเศรษฐกิจและสังคมของครัวเรือนจังหวัดอุดรธานี พ.ศ. 2553 -  2557  สำนักงานสถิติแห่งชาติ
41,อุดรธานี            ,Udon Thani          ,2,ภาคตะวันออกเฉียงเหนือ,2555,96.2,3.12,0.18,0.4,0.11,0,0,การสำรวจภาวะเศรษฐกิจและสังคมของครัวเรือนจังหวัดอุดรธานี พ.ศ. 2553 -  2557  สำนักงานสถิติแห่งชาติ
41,อุดรธานี            ,Udon Thani          ,2,ภาคตะวันออกเฉียงเหนือ,2556,95.4,3,0.7,0.9,0,0,0,การสำรวจภาวะเศรษฐกิจและสังคมของครัวเรือนจังหวัดอุดรธานี พ.ศ. 2553 -  2557  สำนักงานสถิติแห่งชาติ
41,อุดรธานี            ,Udon Thani          ,2,ภาคตะวันออกเฉียงเหนือ,2557,95.03,4.23,0.41,0.13,0.1,0.1,0,การสำรวจภาวะเศรษฐกิจและสังคมของครัวเรือนจังหวัดอุดรธานี พ.ศ. 2553 -  2557  สำนักงานสถิติแห่งชาติ
50,เชียงใหม่           ,Chiang Mai          ,1,ภาคเหนือ,2554,87.9,7.3,0.4,3.7,0.2,0.3,0.1,รายงานผลการสำรวจภาวะเศรษฐกิจและสังคมของครัวเรือน พ.ศ. 2554 - 2557 และจังหวัดเชียงใหม่  สำนักงานสถิติแห่งชาติ
50,เชียงใหม่           ,Chiang Mai          ,1,ภาคเหนือ,2555,86.03,6.15,0.42,7.14,0.07,0.14,0.06,รายงานผลการสำรวจภาวะเศรษฐกิจและสังคมของครัวเรือน พ.ศ. 2554 - 2557 และจังหวัดเชียงใหม่  สำนักงานสถิติแห่งชาติ
50,เชียงใหม่           ,Chiang Mai          ,1,ภาคเหนือ,2556,84.7,6.9,0.4,8.1,0,0,0,รายงานผลการสำรวจภาวะเศรษฐกิจและสังคมของครัวเรือน พ.ศ. 2554 - 2557 และจังหวัดเชียงใหม่  สำนักงานสถิติแห่งชาติ
50,เชียงใหม่           ,Chiang Mai          ,1,ภาคเหนือ,2557,91.64,2.37,0.56,4.3,0.62,0.51,0,รายงานผลการสำรวจภาวะเศรษฐกิจและสังคมของครัวเรือน พ.ศ. 2554 - 2557 และจังหวัดเชียงใหม่  สำนักงานสถิติแห่งชาติ
50,เชียงใหม่           ,Chiang Mai          ,1,ภาคเหนือ,2558,87.2,5.8,0.1,5.9,0.5,0.5,0,การสำรวจภาวะเศรษฐกิจและสังคมของครัวเรือนจังหวัดเชียงใหม่ พ.ศ. 2554 - 2558  สำนักงานสถิติแห่งชาติ
50,เชียงใหม่           ,Chiang Mai          ,1,ภาคเหนือ,2559,89.48,4.2,0.74,5.36,0.06,0.17,0,การสำรวจภาวะเศรษฐกิจและสังคมของครัวเรือนจังหวัดเชียงใหม่ พ.ศ. 2554 - 2558  สำนักงานสถิติแห่งชาติ
58,แม่ฮ่องสอน          ,Mae Hong Son        ,1,ภาคเหนือ,2553,97,2.6,0,0.2,0.1,0,0,รายงานผลการสำรวจภาวะเศรษฐกิจและสังคมของครัวเรือน พ.ศ. 2551 - 2553 และจังหวัดแม่ฮ่องสอน  สำนักงานสถิติแห่งชาติ
58,แม่ฮ่องสอน          ,Mae Hong Son        ,1,ภาคเหนือ,2554,98.3,1.5,0.1,0.1,0,0,0,รายงานผลการสำรวจภาวะเศรษฐกิจและสังคมของครัวเรือน พ.ศ. 2551 - 2553 และจังหวัดแม่ฮ่องสอน  สำนักงานสถิติแห่งชาติ
58,แม่ฮ่องสอน          ,Mae Hong Son        ,1,ภาคเหนือ,2555,97.9,1.9,0.1,0,0,0.1,0,รายงานผลการสำรวจภาวะเศรษฐกิจและสังคมของครัวเรือน พ.ศ. 2551 - 2553 และจังหวัดแม่ฮ่องสอน  สำนักงานสถิติแห่งชาติ
58,แม่ฮ่องสอน          ,Mae Hong Son        ,1,ภาคเหนือ,2556,96.6,2.4,0,1,0,0,0,รายงานผลการสำรวจภาวะเศรษฐกิจและสังคมของครัวเรือน พ.ศ. 2551 - 2553 และจังหวัดแม่ฮ่องสอน  สำนักงานสถิติแห่งชาติ
58,แม่ฮ่องสอน          ,Mae Hong Son        ,1,ภาคเหนือ,2557,97.7,1.6,0.1,0.6,0,0,0,รายงานผลการสำรวจภาวะเศรษฐกิจและสังคมของครัวเรือน พ.ศ. 2551 - 2553 และจังหวัดแม่ฮ่องสอน  สำนักงานสถิติแห่งชาติ
58,แม่ฮ่องสอน          ,Mae Hong Son        ,1,ภาคเหนือ,2558,97.2,2,0,0.7,0,0,0,การสำรวจภาวะเศรษฐกิจและสังคมของครัวเรือนจังหวัดแม่ฮ่องสอน พ.ศ. 2554 - 2558  สำนักงานสถิติแห่งชาติ
64,สุโขทัย             ,Sukhothai           ,1,ภาคเหนือ,2554,97.4,2.2,0.2,0.2,0,0,0,การสำรวจภาวะเศรษฐกิจและสังคมของครัวเรือน จังหวัดสุโขทัย พ.ศ. 2554 - 2558   สำนักงานสถิติแห่งชาติ
64,สุโขทัย             ,Sukhothai           ,1,ภาคเหนือ,2555,95.3,3.16,0.31,0.55,0.68,0,0,การสำรวจภาวะเศรษฐกิจและสังคมของครัวเรือน จังหวัดสุโขทัย พ.ศ. 2554 - 2558   สำนักงานสถิติแห่งชาติ
64,สุโขทัย             ,Sukhothai           ,1,ภาคเหนือ,2556,95.5,2.7,0.5,0.4,0.4,0.5,0,การสำรวจภาวะเศรษฐกิจและสังคมของครัวเรือน จังหวัดสุโขทัย พ.ศ. 2554 - 2558   สำนักงานสถิติแห่งชาติ
64,สุโขทัย             ,Sukhothai           ,1,ภาคเหนือ,2557,97.3,2.3,0.3,0.2,0,0,0,การสำรวจภาวะเศรษฐกิจและสังคมของครัวเรือน จังหวัดสุโขทัย พ.ศ. 2554 - 2558   สำนักงานสถิติแห่งชาติ
64,สุโขทัย             ,Sukhothai           ,1,ภาคเหนือ,2558,97.1,2.4,0.2,0.3,0,0,0,การสำรวจภาวะเศรษฐกิจและสังคมของครัวเรือน จังหวัดสุโขทัย พ.ศ. 2554 - 2558   สำนักงานสถิติแห่งชาติ
64,สุโขทัย             ,Sukhothai           ,1,ภาคเหนือ,2559,93.3,5.9,0.6,0.1,0,0.1,0,การสำรวจภาวะเศรษฐกิจและสังคมของครัวเรือน จังหวัดสุโขทัย พ.ศ. 2555 - 2559   สำนักงานสถิติแห่งชาติ
65,พิษณุโลก            ,Phitsanulok         ,1,ภาคเหนือ,2553,93.7,4.9,1.2,0.1,0,0.1,0,รายงานผลการสำรวจภาวะเศรษฐกิจและสังคมของครัวเรือน พ.ศ. 2553-2556 จังหวัด พิษณุโลก สำนักงานสถิติแห่งชาติ
65,พิษณุโลก            ,Phitsanulok         ,1,ภาคเหนือ,2554,93.6,5.2,0.4,0.2,0.4,0.2,0,รายงานผลการสำรวจภาวะเศรษฐกิจและสังคมของครัวเรือน พ.ศ. 2553-2556 จังหวัด พิษณุโลก สำนักงานสถิติแห่งชาติ
65,พิษณุโลก            ,Phitsanulok         ,1,ภาคเหนือ,2555,92.7,5.1,1,0.5,0.4,0.3,0,รายงานผลการสำรวจภาวะเศรษฐกิจและสังคมของครัวเรือน พ.ศ. 2553-2556 จังหวัด พิษณุโลก สำนักงานสถิติแห่งชาติ
65,พิษณุโลก            ,Phitsanulok         ,1,ภาคเหนือ,2556,84.6,9.3,2.3,1.9,0.4,0,0,รายงานผลการสำรวจภาวะเศรษฐกิจและสังคมของครัวเรือน พ.ศ. 2553-2556 จังหวัด พิษณุโลก สำนักงานสถิติแห่งชาติ
65,พิษณุโลก            ,Phitsanulok         ,1,ภาคเหนือ,2557,82.3,9.9,2.1,5.3,0.4,0.1,0,รายงานผลการสำรวจภาวะเศรษฐกิจและสังคมของครัวเรือน พ.ศ. 2553-2556 จังหวัด พิษณุโลก สำนักงานสถิติแห่งชาติ
65,พิษณุโลก            ,Phitsanulok         ,1,ภาคเหนือ,2558,83.8,8.7,1.1,5.6,0.8,0,0,การสำรวจภาวะเศรษฐกิจและสังคมของครัวเรือนจังหวัดพิษณุโลก พ.ศ.2554 - 2558  สำนักงานสถิติแห่งชาติ
65,พิษณุโลก            ,Phitsanulok         ,1,ภาคเหนือ,2559,90.8,6.8,0.4,0.7,1.3,0,0,การสำรวจภาวะเศรษฐกิจและสังคมของครัวเรือนจังหวัดพิษณุโลก พ.ศ.2555 - 2559  สำนักงานสถิติแห่งชาติ
74,สมุทรสาคร           ,Samut Sakhon        ,6,ภาคตะวันตก,2554,39.8,39.7,17,3.5,0,0,0,รายงานผลการสำรวจภาวะเศรษฐกิจและสังคมของครัวเรือน พ.ศ. 2554 - 2557 และจังหวัดสมุทรสาคร  สำนักงานสถิติแห่งชาติ
74,สมุทรสาคร           ,Samut Sakhon        ,6,ภาคตะวันตก,2556,25.6,64.4,4.8,1.7,2.3,1.1,0,รายงานผลการสำรวจภาวะเศรษฐกิจและสังคมของครัวเรือน พ.ศ. 2554 - 2557 และจังหวัดสมุทรสาคร  สำนักงานสถิติแห่งชาติ
74,สมุทรสาคร           ,Samut Sakhon        ,6,ภาคตะวันตก,2557,22.4,54.8,20.1,2,0,0.4,0.3,รายงานผลการสำรวจภาวะเศรษฐกิจและสังคมของครัวเรือน พ.ศ. 2554 - 2557 และจังหวัดสมุทรสาคร  สำนักงานสถิติแห่งชาติ
74,สมุทรสาคร           ,Samut Sakhon        ,6,ภาคตะวันตก,2558,27.6,52.9,17.7,1.8,0,0,0,"การสำรวจภาวะเศรษฐกิจและสังคมของครัวเรือนจังหวัดสมุทรสาคร พ.ศ. 2552 , 2554 และ 2556 - 2558  สำนักงานสถิติแห่งชาติ"
74,สมุทรสาคร           ,Samut Sakhon        ,6,ภาคตะวันตก,2559,32.2,56.1,9.6,1.9,0,0.2,0,การสำรวจภาวะเศรษฐกิจและสังคมของครัวเรือนจังหวัดสมุทรสาคร พ.ศ.  2554 และ 2556 - 2559  สำนักงานสถิติแห่งชาติ
80,นครศรีธรรมราช       ,Nakhon Si Thammarat ,4,ภาคใต้,2554,88.2,9.8,1.7,0.2,0.1,0,0,การสำรวจภาวะเศรษฐกิจและสังคมของครัวเรือนจังหวัดนครศรีธรรมราช พ.ศ. 2554 - 2558  สำนักงานสถิติแห่งชาติ
80,นครศรีธรรมราช       ,Nakhon Si Thammarat ,4,ภาคใต้,2555,90.7,8.3,0.9,0.1,0,0,0,การสำรวจภาวะเศรษฐกิจและสังคมของครัวเรือนจังหวัดนครศรีธรรมราช พ.ศ. 2554 - 2558  สำนักงานสถิติแห่งชาติ
80,นครศรีธรรมราช       ,Nakhon Si Thammarat ,4,ภาคใต้,2556,89.2,8.5,1.8,0.1,0.4,0,0,การสำรวจภาวะเศรษฐกิจและสังคมของครัวเรือนจังหวัดนครศรีธรรมราช พ.ศ. 2554 - 2558  สำนักงานสถิติแห่งชาติ
80,นครศรีธรรมราช       ,Nakhon Si Thammarat ,4,ภาคใต้,2557,92.58,6.59,0.45,0.2,0.05,0,0,การสำรวจภาวะเศรษฐกิจและสังคมของครัวเรือนจังหวัดนครศรีธรรมราช พ.ศ. 2554 - 2558  สำนักงานสถิติแห่งชาติ
80,นครศรีธรรมราช       ,Nakhon Si Thammarat ,4,ภาคใต้,2558,93.4,6,0.4,0.2,0,0,0,การสำรวจภาวะเศรษฐกิจและสังคมของครัวเรือนจังหวัดนครศรีธรรมราช พ.ศ. 2554 - 2558  สำนักงานสถิติแห่งชาติ
80,นครศรีธรรมราช       ,Nakhon Si Thammarat ,4,ภาคใต้,2559,88.24,10.18,1.08,0.26,0,0.24,0,การสำรวจภาวะเศรษฐกิจและสังคมของครัวเรือนจังหวัดนครศรีธรรมราช พ.ศ. 2555 - 2559  สำนักงานสถิติแห่งชาติ
83,ภูเก็ต              ,Phuket              ,4,ภาคใต้,2553,38.6,54.3,2.4,3.2,0.3,0.4,0.7,รายงานผลการสำรวจภาวะเศรษฐกิจและสังคมของครัวเรือน พ.ศ. 2553 - 2557  จังหวัดภูเก็ต  สำนักงานสถิติแห่งชาติ
83,ภูเก็ต              ,Phuket              ,4,ภาคใต้,2554,34.8,57,1.5,6.2,0,0,0.6,รายงานผลการสำรวจภาวะเศรษฐกิจและสังคมของครัวเรือน พ.ศ. 2553 - 2557  จังหวัดภูเก็ต  สำนักงานสถิติแห่งชาติ
83,ภูเก็ต              ,Phuket              ,4,ภาคใต้,2555,30.9,51.5,12.9,4.3,0,0.4,0,รายงานผลการสำรวจภาวะเศรษฐกิจและสังคมของครัวเรือน พ.ศ. 2553 - 2557  จังหวัดภูเก็ต  สำนักงานสถิติแห่งชาติ
83,ภูเก็ต              ,Phuket              ,4,ภาคใต้,2556,30.5,52.8,12.4,3.2,0.5,0.6,0,รายงานผลการสำรวจภาวะเศรษฐกิจและสังคมของครัวเรือน พ.ศ. 2553 - 2557  จังหวัดภูเก็ต  สำนักงานสถิติแห่งชาติ
83,ภูเก็ต              ,Phuket              ,4,ภาคใต้,2557,42.81,49.42,2.14,4.71,0.92,0,0,รายงานผลการสำรวจภาวะเศรษฐกิจและสังคมของครัวเรือน พ.ศ. 2553 - 2557  จังหวัดภูเก็ต  สำนักงานสถิติแห่งชาติ
83,ภูเก็ต              ,Phuket              ,4,ภาคใต้,2558,40.5,48.5,4.4,5.9,0.7,0,0,การสำรวจภาวะเศรษฐกิจและสังคมของครัวเรือนจังหวัดภูเก็ต พ.ศ. 2554 - 2558  สำนักงานสถิติแห่งชาติ
83,ภูเก็ต              ,Phuket              ,4,ภาคใต้,2559,44.8,41.5,7.4,6.1,0.2,0,0,การสำรวจภาวะเศรษฐกิจและสังคมของครัวเรือนจังหวัดภูเก็ต พ.ศ. 2555 - 2559  สำนักงานสถิติแห่งชาติ
90,สงขลา               ,Songkhla            ,4,ภาคใต้,2553,70,21.7,3.5,3.9,0.9,0,0,การสำรวจภาวะเศรษฐกิจและสังคมของครัวเรือนจังหวัดสงขลา พ.ศ. 2553 - 2556 สำนักงานสถิติแห่งชาติ
90,สงขลา               ,Songkhla            ,4,ภาคใต้,2554,64.5,30,3,2.1,0.5,0,0,การสำรวจภาวะเศรษฐกิจและสังคมของครัวเรือนจังหวัดสงขลา พ.ศ. 2553 - 2556 สำนักงานสถิติแห่งชาติ
90,สงขลา               ,Songkhla            ,4,ภาคใต้,2555,65.7,22.6,5.8,5.5,0.3,0,0.2,การสำรวจภาวะเศรษฐกิจและสังคมของครัวเรือนจังหวัดสงขลา พ.ศ. 2553 - 2556 สำนักงานสถิติแห่งชาติ
90,สงขลา               ,Songkhla            ,4,ภาคใต้,2556,65.8,23.1,6.9,3.7,0.5,0,0,การสำรวจภาวะเศรษฐกิจและสังคมของครัวเรือนจังหวัดสงขลา พ.ศ. 2553 - 2556 สำนักงานสถิติแห่งชาติ
90,สงขลา               ,Songkhla            ,4,ภาคใต้,2557,54.7,30.83,6.59,7.75,0,0.13,0,การสำรวจภาวะเศรษฐกิจและสังคมของครัวเรือนจังหวัดสงขลา  พ.ศ. 2554 - 2558  สำนักงานสถิติแห่งชาติ
90,สงขลา               ,Songkhla            ,4,ภาคใต้,2558,55.9,29.6,7.2,7.3,0,0,0,การสำรวจภาวะเศรษฐกิจและสังคมของครัวเรือนจังหวัดสงขลา  พ.ศ. 2554 - 2558  สำนักงานสถิติแห่งชาติ
90,สงขลา               ,Songkhla            ,4,ภาคใต้,2559,65.85,25.73,6.51,1.9,0,0,0,การสำรวจภาวะเศรษฐกิจและสังคมของครัวเรือนจังหวัดสงขลา พ.ศ. 2555 - 2559 สำนักงานสถิติแห่งชาติ
